category,model,base_model,type,application,speed,needle,image_file,description
Apparel,DDL-9000C,DDL-9000C,"Direct-drive, High-speed, Lockstitch Sewing System with automatic thread trimmer",Light- to Medium-weight,"5,000 sti/min",DBx1 (#11) #9~18,DDL-9000C.png,"Type: Direct-drive, High-speed, Lockstitch Sewing System with automatic thread trimmer • Application: Light- to Medium-weight • Max. sewing speed: 5,000 sti/min • Max. stitch length: 5mm • Presser foot: By hand: 5.5mm, Auto: 15mm • Needle: DBx1 (#11) #9~18"
Apparel,LH-4500C,LH-4500C,"Semi-dry head, 2-needle Lockstitch Sewing System",Jeans & Heavy-weight,"3,000 sti/min",DPx5 (#14) #9~16,LH-4500C.png,"Type: Semi-dry head, 2-needle Lockstitch Sewing System • Application: Jeans & Heavy-weight • Max. sewing speed: 3,000 sti/min • Max. stitch length: 5mm • Presser foot: By hand: 7mm, By knee: 13mm • Needle: DPx5 (#14) #9~16"
Apparel,LZ-2290C,LZ-2290C,"Semi-dry head, Digital Zigzag Stitching Sewing System",Light- to Medium-weight,"5,000 sti/min",DPx5 (#10) #10~14,LZ-2290C.png,"Type: Semi-dry head, Digital Zigzag Stitching Sewing System • Application: Light- to Medium-weight • Max. sewing speed: 5,000 sti/min • Max. stitch length: 5mm • Presser foot: By hand: 5.5mm, Auto: 10mm • Needle: DPx5 (#10) #10~14"
Apparel,LK-1900C,LK-1900C,"Computer-controlled, High-speed, Bartacking Sewing System",Light- to Medium-weight,"3,200 sti/min",DPx5 (#14),LK-1900C.png,"Type: Computer-controlled, High-speed, Bartacking Sewing System • Application: Light- to Medium-weight • Max. sewing speed: 3,200 sti/min • Max. stitch length: 10mm • Presser foot: Auto: 13mm • Needle: DPx5 (#14)"
Apparel,LBH-1790AN,LBH-1790A,"Computer-controlled, High-speed, Buttonholing Sewing System",Jeans & Heavy-weight,"4,200 sti/min",DPx5 (#11J),LBH-1790A.png,"Type: Computer-controlled, High-speed, Buttonholing Sewing System • Application: Jeans & Heavy-weight • Max. sewing speed: 4,200 sti/min • Max. stitch length: 41mm (buttonhole length) • Presser foot: Auto: 14mm • Needle: DPx5 (#11J)"
Apparel,MS-1261A/DWS,MS-1261A,"High-speed, Feed-off-the-arm, 3-needle Double Chainstitch Sewing System (Digital workstation)",Light- to Medium-weight,"5,500 sti/min",UY128GAS (Nm130),MS-1261A.png,"Type: High-speed, Feed-off-the-arm, 3-needle Double Chainstitch Sewing System (Digital workstation) • Application: Light- to Medium-weight • Max. sewing speed: 5,500 sti/min • Max. stitch length: 4.2mm • Presser foot: Auto: 10mm • Needle: UY128GAS (Nm130)"
Apparel,LK-1903C,LK-1903C,"Computer-controlled, High-speed, Lockstitch, Button Sewing System",Light- to Medium-weight,"2,700 sti/min",DPx17 (#14),LK-1903C.png,"Type: Computer-controlled, High-speed, Lockstitch, Button Sewing System • Application: Light- to Medium-weight • Max. sewing speed: 2,700 sti/min • Max. stitch length: 10mm • Presser foot: Auto: 13mm • Needle: DPx17 (#14)"
Apparel,MEB-3200C,MEB-3200C,"Computer-controlled, Eyelet Buttonholing Sewing System (Trimmer for Needle and Looper Thread with gimp)",Light- to Medium-weight,"2,200 sti/min",DOx558 (Nm100),MEB-3200C.png,"Type: Computer-controlled, Eyelet Buttonholing Sewing System (Trimmer for Needle and Looper Thread with gimp) • Application: Light- to Medium-weight • Max. sewing speed: 2,200 sti/min • Max. stitch length: 38mm • Presser foot: Auto: 14mm • Needle: DOx558 (Nm100)"
Apparel,AMS-221F,AMS-221F,Computer-controlled Cycle Machine with Input Function,Light- to Medium-weight,"2,800 sti/min",DPx17 (#18),AMS-221F.png,"Type: Computer-controlled Cycle Machine with Input Function • Application: Light- to Medium-weight • Max. sewing speed: 2,800 sti/min • Max. stitch length: 12.7mm • Presser foot: Auto: 20mm • Needle: DPx17 (#18)"
Apparel,LK-1903C/BR35,LK-1903C,"Computer-controlled, High-speed, Lockstitch, Button Sewing System",Light- to Medium-weight,"2,700 sti/min",DPx17 (#14),LK-1903C.png,"Type: Computer-controlled, High-speed, Lockstitch, Button Sewing System • Application: Light- to Medium-weight • Max. sewing speed: 2,700 sti/min • Max. stitch length: 10mm • Presser foot: Auto: 13mm • Needle: DPx17 (#14)"
Apparel,LK-1903CB,LK-1903C,Button Sewing & Bartacking Machine,Light- to Medium-weight,"3,200 sti/min",DPx5 (#14),LK-1903C.png,"Type: Button Sewing & Bartacking Machine • Application: Light- to Medium-weight • Max. sewing speed: 3,200 sti/min • Max. stitch length: 10mm • Presser foot: Auto: 17mm • Needle: DPx5 (#14)"
Apparel,LK-1903S,LK-1903S,Button Sewing & Bartacking Machine,Light- to Medium-weight,"3,200 sti/min",DPx5 (#14),LK-1903S.png,"Type: Button Sewing & Bartacking Machine • Application: Light- to Medium-weight • Max. sewing speed: 3,200 sti/min • Max. stitch length: 10mm • Presser foot: Auto: 17mm • Needle: DPx5 (#14)"
Apparel,DDL-8000C,DDL-8000C,1-needle Lockstitch Machine,Light- to Medium-weight,"4,500 sti/min",DBx1 (#14),DDL-8000C.png,"Type: 1-needle Lockstitch Machine • Application: Light- to Medium-weight • Max. sewing speed: 4,500 sti/min • Max. stitch length: 5mm • Presser foot: By knee: 13mm • Needle: DBx1 (#14)"
Apparel,MB-1800A/BR10,MB-1800A,Button Sewing & Bartacking Machine,Light- to Medium-weight,"4,500 sti/min",DBx1 (#14),MB-1800A.png,"Type: Button Sewing & Bartacking Machine • Application: Light- to Medium-weight • Max. sewing speed: 4,500 sti/min • Max. stitch length: 5mm • Presser foot: By knee: 13mm • Needle: DBx1 (#14)"
Apparel,DDL-8000A,DDL-8000A,1-needle Lockstitch Machine,Light- to Medium-weight,"4,500 sti/min",DBx1 (#14),DDL-8000A.png,"Type: 1-needle Lockstitch Machine • Application: Light- to Medium-weight • Max. sewing speed: 4,500 sti/min • Max. stitch length: 5mm • Presser foot: By knee: 13mm • Needle: DBx1 (#14)"
Apparel,MB-1377,MB-1377,Button Sewing & Bartacking Machine,Light- to Medium-weight,"4,500 sti/min",DBx1 (#14),MB-1377.png,"Type: Button Sewing & Bartacking Machine • Application: Light- to Medium-weight • Max. sewing speed: 4,500 sti/min • Max. stitch length: 5mm • Presser foot: By knee: 13mm • Needle: DBx1 (#14)"
Apparel,DDL-7000A,DDL-7000A,1-needle Lockstitch Machine,Light- to Medium-weight,"4,500 sti/min",DBx1 (#14),DDL-7000A.png,"Type: 1-needle Lockstitch Machine • Application: Light- to Medium-weight • Max. sewing speed: 4,500 sti/min • Max. stitch length: 5mm • Presser foot: By knee: 13mm • Needle: DBx1 (#14)"
Apparel,DDL-8700-7,DDL-8700,1-needle Lockstitch Machine,Light- to Medium-weight,"5,500 sti/min",DBx1 (#14),DDL-8700.png,"Type: 1-needle Lockstitch Machine • Application: Light- to Medium-weight • Max. sewing speed: 5,500 sti/min • Max. stitch length: 5mm • Presser foot: By knee: 13mm • Needle: DBx1 (#14)"
Apparel,DDL-5600N-7,DDL-5600N,1-needle Lockstitch Machine,Light- to Medium-weight,"4,500 sti/min",DBx1 (#14),DDL-5600N.png,"Type: 1-needle Lockstitch Machine • Application: Light- to Medium-weight • Max. sewing speed: 4,500 sti/min • Max. stitch length: 5mm • Presser foot: By knee: 13mm • Needle: DBx1 (#14)"
Apparel,LBH-1790ANB,LBH-1790A,Buttonholing Machine,Jeans & Heavy-weight,"4,200 sti/min",DPx5 (#11),LBH-1790A.png,"Type: Buttonholing Machine • Application: Jeans & Heavy-weight • Max. sewing speed: 4,200 sti/min • Max. stitch length: 4mm • Presser foot: Auto: 14mm • Needle: DPx5 (#11)"
Apparel,DDL-5550N-7,DDL-5550N,1-needle Lockstitch Machine,Light- to Medium-weight,"4,500 sti/min",DBx1 (#14),DDL-5550N.png,"Type: 1-needle Lockstitch Machine • Application: Light- to Medium-weight • Max. sewing speed: 4,500 sti/min • Max. stitch length: 5mm • Presser foot: By knee: 13mm • Needle: DBx1 (#14)"
Apparel,LBH-1790S,LBH-1790S,Buttonholing Machine,Jeans & Heavy-weight,"4,200 sti/min",DPx5 (#11),LBH-1790S.png,"Type: Buttonholing Machine • Application: Jeans & Heavy-weight • Max. sewing speed: 4,200 sti/min • Max. stitch length: 4mm • Presser foot: Auto: 14mm • Needle: DPx5 (#11)"
Apparel,DLU-5494N-7,DLU-5494N,Top-feed Lockstitch Machine,Light- to Medium-weight,"4,500 sti/min",DBx1 (#14),DLU-5494N.png,"Type: Top-feed Lockstitch Machine • Application: Light- to Medium-weight • Max. sewing speed: 4,500 sti/min • Max. stitch length: 5mm • Presser foot: By knee: 13mm • Needle: DBx1 (#14)"
Apparel,LBH-780,LBH-780,Buttonholing Machine,Jeans & Heavy-weight,"4,200 sti/min",DPx5 (#11),LBH-780.png,"Type: Buttonholing Machine • Application: Jeans & Heavy-weight • Max. sewing speed: 4,200 sti/min • Max. stitch length: 4mm • Presser foot: Auto: 14mm • Needle: DPx5 (#11)"
Apparel,DLU-5490N-7,DLU-5490N,Top-feed Lockstitch Machine,Light- to Medium-weight,"4,500 sti/min",DBx1 (#14),DLU-5490N.png,"Type: Top-feed Lockstitch Machine • Application: Light- to Medium-weight • Max. sewing speed: 4,500 sti/min • Max. stitch length: 5mm • Presser foot: By knee: 13mm • Needle: DBx1 (#14)"
Apparel,DLN-9010A,DLN-9010A,Needle-feed Lockstitch Machine,Light- to Medium-weight,"4,500 sti/min",DBx1 (#14),DLN-9010A.png,"Type: Needle-feed Lockstitch Machine • Application: Light- to Medium-weight • Max. sewing speed: 4,500 sti/min • Max. stitch length: 5mm • Presser foot: By knee: 13mm • Needle: DBx1 (#14)"
Apparel,MEB-3900,MEB-3900,Specialized Industrial Sewing Machine,Light- to Medium-weight,"4,500 sti/min",DBx1 (#14),MEB-3900.png,"Type: Specialized Industrial Sewing Machine • Application: Light- to Medium-weight • Max. sewing speed: 4,500 sti/min • Max. stitch length: 5mm • Presser foot: By knee: 13mm • Needle: DBx1 (#14)"
Apparel,DLN-5410NDD-7,DLN-5410N,Needle-feed Lockstitch Machine,Light- to Medium-weight,"5,000 sti/min",DBx1 (#14),DLN-5410N.png,"Type: Needle-feed Lockstitch Machine • Application: Light- to Medium-weight • Max. sewing speed: 5,000 sti/min • Max. stitch length: 4mm • Presser foot: By knee: 13mm • Needle: DBx1 (#14)"
Apparel,DLN-5410N-7,DLN-5410N,Needle-feed Lockstitch Machine,Light- to Medium-weight,"5,000 sti/min",DBx1 (#14),DLN-5410N.png,"Type: Needle-feed Lockstitch Machine • Application: Light- to Medium-weight • Max. sewing speed: 5,000 sti/min • Max. stitch length: 4mm • Presser foot: By knee: 13mm • Needle: DBx1 (#14)"
Apparel,DLN-6390-7,DLN-6390,Needle-feed Lockstitch Machine,Light- to Medium-weight,"4,500 sti/min",DBx1 (#14),DLN-6390.png,"Type: Needle-feed Lockstitch Machine • Application: Light- to Medium-weight • Max. sewing speed: 4,500 sti/min • Max. stitch length: 5mm • Presser foot: By knee: 13mm • Needle: DBx1 (#14)"
Apparel,LK-1900CB,LK-1900C,Button Sewing & Bartacking Machine,Light- to Medium-weight,"3,200 sti/min",DPx5 (#14),LK-1900C.png,"Type: Button Sewing & Bartacking Machine • Application: Light- to Medium-weight • Max. sewing speed: 3,200 sti/min • Max. stitch length: 10mm • Presser foot: Auto: 17mm • Needle: DPx5 (#14)"
Apparel,LK-1901C,LK-1901C,Button Sewing & Bartacking Machine,Light- to Medium-weight,"3,200 sti/min",DPx5 (#14),LK-1901C.png,"Type: Button Sewing & Bartacking Machine • Application: Light- to Medium-weight • Max. sewing speed: 3,200 sti/min • Max. stitch length: 10mm • Presser foot: Auto: 17mm • Needle: DPx5 (#14)"
Apparel,DLM-5400NDD-7,DLM-5400N,Top-feed Lockstitch Machine,Light- to Medium-weight,"4,500 sti/min",DBx1 (#14),DLM-5400N.png,"Type: Top-feed Lockstitch Machine • Application: Light- to Medium-weight • Max. sewing speed: 4,500 sti/min • Max. stitch length: 5mm • Presser foot: By knee: 13mm • Needle: DBx1 (#14)"
Apparel,DMN-5420NDD-7,DMN-5420N,Top-feed Lockstitch Machine,Light- to Medium-weight,"4,500 sti/min",DBx1 (#14),DMN-5420N.png,"Type: Top-feed Lockstitch Machine • Application: Light- to Medium-weight • Max. sewing speed: 4,500 sti/min • Max. stitch length: 5mm • Presser foot: By knee: 13mm • Needle: DBx1 (#14)"
Apparel,LK-1902C,LK-1902C,Button Sewing & Bartacking Machine,Light- to Medium-weight,"3,200 sti/min",DPx5 (#14),LK-1902C.png,"Type: Button Sewing & Bartacking Machine • Application: Light- to Medium-weight • Max. sewing speed: 3,200 sti/min • Max. stitch length: 10mm • Presser foot: Auto: 17mm • Needle: DPx5 (#14)"
Apparel,LK-1905C/IP,LK-1905C,Button Sewing & Bartacking Machine,Light- to Medium-weight,"3,200 sti/min",DPx5 (#14),LK-1905C.png,"Type: Button Sewing & Bartacking Machine • Application: Light- to Medium-weight • Max. sewing speed: 3,200 sti/min • Max. stitch length: 10mm • Presser foot: Auto: 17mm • Needle: DPx5 (#14)"
Apparel,DLM-5400N-7,DLM-5400N,Top-feed Lockstitch Machine,Light- to Medium-weight,"4,500 sti/min",DBx1 (#14),DLM-5400N.png,"Type: Top-feed Lockstitch Machine • Application: Light- to Medium-weight • Max. sewing speed: 4,500 sti/min • Max. stitch length: 5mm • Presser foot: By knee: 13mm • Needle: DBx1 (#14)"
Apparel,LK-1900S,LK-1900S,Button Sewing & Bartacking Machine,Light- to Medium-weight,"3,200 sti/min",DPx5 (#14),LK-1900S.png,"Type: Button Sewing & Bartacking Machine • Application: Light- to Medium-weight • Max. sewing speed: 3,200 sti/min • Max. stitch length: 10mm • Presser foot: Auto: 17mm • Needle: DPx5 (#14)"
Apparel,DMN-5420N-7,DMN-5420N,Top-feed Lockstitch Machine,Light- to Medium-weight,"4,500 sti/min",DBx1 (#14),DMN-5420N.png,"Type: Top-feed Lockstitch Machine • Application: Light- to Medium-weight • Max. sewing speed: 4,500 sti/min • Max. stitch length: 5mm • Presser foot: By knee: 13mm • Needle: DBx1 (#14)"
Apparel,LK-1910,LK-1910,Button Sewing & Bartacking Machine,Light- to Medium-weight,"3,200 sti/min",DPx5 (#14),LK-1910.png,"Type: Button Sewing & Bartacking Machine • Application: Light- to Medium-weight • Max. sewing speed: 3,200 sti/min • Max. stitch length: 10mm • Presser foot: Auto: 17mm • Needle: DPx5 (#14)"
Apparel,LH-4578C-7,LH-4578C,2-needle Lockstitch Machine,Jeans & Heavy-weight,"4,500 sti/min",DBx1 (#14),LH-4578C.png,"Type: 2-needle Lockstitch Machine • Application: Jeans & Heavy-weight • Max. sewing speed: 4,500 sti/min • Max. stitch length: 5mm • Presser foot: By knee: 13mm • Needle: DBx1 (#14)"
Apparel,LH-3528A-7,LH-3528A,2-needle Lockstitch Machine,Jeans & Heavy-weight,"4,500 sti/min",DBx1 (#14),LH-3528A.png,"Type: 2-needle Lockstitch Machine • Application: Jeans & Heavy-weight • Max. sewing speed: 4,500 sti/min • Max. stitch length: 5mm • Presser foot: By knee: 13mm • Needle: DBx1 (#14)"
Apparel,LH-3568A-7,LH-3568A,2-needle Lockstitch Machine,Jeans & Heavy-weight,"4,500 sti/min",DBx1 (#14),LH-3568A.png,"Type: 2-needle Lockstitch Machine • Application: Jeans & Heavy-weight • Max. sewing speed: 4,500 sti/min • Max. stitch length: 5mm • Presser foot: By knee: 13mm • Needle: DBx1 (#14)"
Apparel,AMS-210EN,AMS-210E,Computer-controlled Cycle Pattern Machine,Light- to Medium-weight,"2,800 sti/min",DPx17 (#18),AMS-210E.png,"Type: Computer-controlled Cycle Pattern Machine • Application: Light- to Medium-weight • Max. sewing speed: 2,800 sti/min • Max. stitch length: 10mm • Presser foot: Auto: 25mm • Needle: DPx17 (#18)"
Apparel,MO-6700DA,MO-6700D,Overlock/Safety Stitch Machine,Light- to Medium-weight,"7,000 sti/min",DCx27 (#11),MO-6700D.png,"Type: Overlock/Safety Stitch Machine • Application: Light- to Medium-weight • Max. sewing speed: 7,000 sti/min • Max. stitch length: 4mm • Presser foot: By hand: 5.5mm • Needle: DCx27 (#11)"
Apparel,AMS-210ENHL,AMS-210E,Computer-controlled Cycle Pattern Machine,Jeans & Heavy-weight,"2,800 sti/min",DPx17 (#18),AMS-210E.png,"Type: Computer-controlled Cycle Pattern Machine • Application: Jeans & Heavy-weight • Max. sewing speed: 2,800 sti/min • Max. stitch length: 10mm • Presser foot: Auto: 25mm • Needle: DPx17 (#18)"
Apparel,MO-6800AS/DD10,MO-6800A,Overlock/Safety Stitch Machine,Light- to Medium-weight,"7,000 sti/min",DCx27 (#11),MO-6800A.png,"Type: Overlock/Safety Stitch Machine • Application: Light- to Medium-weight • Max. sewing speed: 7,000 sti/min • Max. stitch length: 4mm • Presser foot: By hand: 5.5mm • Needle: DCx27 (#11)"
Apparel,AMS-221ENHS,AMS-221E,Computer-controlled Cycle Pattern Machine,Jeans & Heavy-weight,"2,500 sti/min",DPx17 (#18),AMS-221E.png,"Type: Computer-controlled Cycle Pattern Machine • Application: Jeans & Heavy-weight • Max. sewing speed: 2,500 sti/min • Max. stitch length: 10mm • Presser foot: Auto: 25mm • Needle: DPx17 (#18)"
Apparel,MO-6800D,MO-6800D,Overlock/Safety Stitch Machine,Light- to Medium-weight,"7,000 sti/min",DCx27 (#11),MO-6800D.png,"Type: Overlock/Safety Stitch Machine • Application: Light- to Medium-weight • Max. sewing speed: 7,000 sti/min • Max. stitch length: 4mm • Presser foot: By hand: 5.5mm • Needle: DCx27 (#11)"
Apparel,MO-6800S,MO-6800S,Overlock/Safety Stitch Machine,Light- to Medium-weight,"7,000 sti/min",DCx27 (#11),MO-6800S.png,"Type: Overlock/Safety Stitch Machine • Application: Light- to Medium-weight • Max. sewing speed: 7,000 sti/min • Max. stitch length: 4mm • Presser foot: By hand: 5.5mm • Needle: DCx27 (#11)"
Apparel,MO-6900S,MO-6900S,Overlock/Safety Stitch Machine,Light- to Medium-weight,"8,000 sti/min",DCx27 (#11),MO-6900S.png,"Type: Overlock/Safety Stitch Machine • Application: Light- to Medium-weight • Max. sewing speed: 8,000 sti/min • Max. stitch length: 4mm • Presser foot: By hand: 5.5mm • Needle: DCx27 (#11)"
Apparel,AMS-221ENTS,AMS-221E,Computer-controlled Cycle Pattern Machine,Light- to Medium-weight,"2,500 sti/min",DPx17 (#18),AMS-221E.png,"Type: Computer-controlled Cycle Pattern Machine • Application: Light- to Medium-weight • Max. sewing speed: 2,500 sti/min • Max. stitch length: 10mm • Presser foot: Auto: 25mm • Needle: DPx17 (#18)"
Apparel,MO-6900R,MO-6900R,Overlock/Safety Stitch Machine,Light- to Medium-weight,"8,000 sti/min",DCx27 (#11),MO-6900R.png,"Type: Overlock/Safety Stitch Machine • Application: Light- to Medium-weight • Max. sewing speed: 8,000 sti/min • Max. stitch length: 4mm • Presser foot: By hand: 5.5mm • Needle: DCx27 (#11)"
Apparel,MO-6900J,MO-6900J,Overlock/Safety Stitch Machine,Light- to Medium-weight,"8,000 sti/min",DCx27 (#11),MO-6900J.png,"Type: Overlock/Safety Stitch Machine • Application: Light- to Medium-weight • Max. sewing speed: 8,000 sti/min • Max. stitch length: 4mm • Presser foot: By hand: 5.5mm • Needle: DCx27 (#11)"
Apparel,MO-6900C,MO-6900C,Overlock/Safety Stitch Machine,Light- to Medium-weight,"8,000 sti/min",DCx27 (#11),MO-6900C.png,"Type: Overlock/Safety Stitch Machine • Application: Light- to Medium-weight • Max. sewing speed: 8,000 sti/min • Max. stitch length: 4mm • Presser foot: By hand: 5.5mm • Needle: DCx27 (#11)"
Apparel,AMS-224EN,AMS-224E,Computer-controlled Cycle Pattern Machine,Light- to Medium-weight,"2,500 sti/min",DPx17 (#18),AMS-224E.png,"Type: Computer-controlled Cycle Pattern Machine • Application: Light- to Medium-weight • Max. sewing speed: 2,500 sti/min • Max. stitch length: 10mm • Presser foot: Auto: 25mm • Needle: DPx17 (#18)"
Apparel,MO-6914C,MO-6914C,Overlock/Safety Stitch Machine,Light- to Medium-weight,"8,000 sti/min",DCx27 (#11),MO-6914C.png,"Type: Overlock/Safety Stitch Machine • Application: Light- to Medium-weight • Max. sewing speed: 8,000 sti/min • Max. stitch length: 4mm • Presser foot: By hand: 5.5mm • Needle: DCx27 (#11)"
Apparel,APW-895NS,APW-895N,Automatic Pocket Welting Machine,Light- to Medium-weight,"3,000 sti/min",190R (Nm100),APW-895N.png,"Type: Automatic Pocket Welting Machine • Application: Light- to Medium-weight • Max. sewing speed: 3,000 sti/min • Max. stitch length: 6mm • Presser foot: Auto: 14mm • Needle: 190R (Nm100)"
Apparel,LZ-2290C-7,LZ-2290C,"Semi-dry head, Digital Zigzag Stitching Sewing System",Light- to Medium-weight,"5,000 sti/min",DPx5 (#10) #10~14,LZ-2290C.png,"Type: Semi-dry head, Digital Zigzag Stitching Sewing System • Application: Light- to Medium-weight • Max. sewing speed: 5,000 sti/min • Max. stitch length: 5mm • Presser foot: By hand: 5.5mm, Auto: 10mm • Needle: DPx5 (#10) #10~14"
Apparel,APW-895NE,APW-895N,Automatic Pocket Welting Machine,Light- to Medium-weight,"3,000 sti/min",190R (Nm100),APW-895N.png,"Type: Automatic Pocket Welting Machine • Application: Light- to Medium-weight • Max. sewing speed: 3,000 sti/min • Max. stitch length: 6mm • Presser foot: Auto: 14mm • Needle: 190R (Nm100)"
Apparel,LZ-2280B,LZ-2280B,Zigzag Stitching Machine,Light- to Medium-weight,"5,000 sti/min",DBx1 (#14),LZ-2280B.png,"Type: Zigzag Stitching Machine • Application: Light- to Medium-weight • Max. sewing speed: 5,000 sti/min • Max. stitch length: 5mm • Presser foot: By knee: 10mm • Needle: DBx1 (#14)"
Apparel,LZ-2284B-7,LZ-2284B,Zigzag Stitching Machine,Light- to Medium-weight,"5,000 sti/min",DBx1 (#14),LZ-2284B.png,"Type: Zigzag Stitching Machine • Application: Light- to Medium-weight • Max. sewing speed: 5,000 sti/min • Max. stitch length: 5mm • Presser foot: By knee: 10mm • Needle: DBx1 (#14)"
Apparel,LZ-2287B,LZ-2287B,Zigzag Stitching Machine,Light- to Medium-weight,"5,000 sti/min",DBx1 (#14),LZ-2287B.png,"Type: Zigzag Stitching Machine • Application: Light- to Medium-weight • Max. sewing speed: 5,000 sti/min • Max. stitch length: 5mm • Presser foot: By knee: 10mm • Needle: DBx1 (#14)"
Apparel,LZ-2282N-7,LZ-2282N,Zigzag Stitching Machine,Light- to Medium-weight,"5,000 sti/min",DBx1 (#14),LZ-2282N.png,"Type: Zigzag Stitching Machine • Application: Light- to Medium-weight • Max. sewing speed: 5,000 sti/min • Max. stitch length: 5mm • Presser foot: By knee: 10mm • Needle: DBx1 (#14)"
Apparel,LZ-2285N,LZ-2285N,Zigzag Stitching Machine,Light- to Medium-weight,"5,000 sti/min",DBx1 (#14),LZ-2285N.png,"Type: Zigzag Stitching Machine • Application: Light- to Medium-weight • Max. sewing speed: 5,000 sti/min • Max. stitch length: 5mm • Presser foot: By knee: 10mm • Needle: DBx1 (#14)"
Apparel,LZ-2284NU-7,LZ-2284N,Zigzag Stitching Machine,Light- to Medium-weight,"5,000 sti/min",DBx1 (#14),LZ-2284N.png,"Type: Zigzag Stitching Machine • Application: Light- to Medium-weight • Max. sewing speed: 5,000 sti/min • Max. stitch length: 5mm • Presser foot: By knee: 10mm • Needle: DBx1 (#14)"
Apparel,LZ-2284C-7,LZ-2284C,Zigzag Stitching Machine,Light- to Medium-weight,"5,000 sti/min",DBx1 (#14),LZ-2284C.png,"Type: Zigzag Stitching Machine • Application: Light- to Medium-weight • Max. sewing speed: 5,000 sti/min • Max. stitch length: 5mm • Presser foot: By knee: 10mm • Needle: DBx1 (#14)"
Apparel,LZ-271,LZ-271,Zigzag Stitching Machine,Light- to Medium-weight,"5,000 sti/min",DBx1 (#14),LZ-271.png,"Type: Zigzag Stitching Machine • Application: Light- to Medium-weight • Max. sewing speed: 5,000 sti/min • Max. stitch length: 5mm • Presser foot: By knee: 10mm • Needle: DBx1 (#14)"
Apparel,PS-910,PS-910,Computer-controlled Cycle Pattern Machine,Light- to Medium-weight,"4,500 sti/min",DBx1 (#14),PS-910.png,"Type: Computer-controlled Cycle Pattern Machine • Application: Light- to Medium-weight • Max. sewing speed: 4,500 sti/min • Max. stitch length: 5mm • Presser foot: By knee: 13mm • Needle: DBx1 (#14)"
Apparel,PS-800,PS-800,Computer-controlled Cycle Pattern Machine,Light- to Medium-weight,"4,500 sti/min",DBx1 (#14),PS-800.png,"Type: Computer-controlled Cycle Pattern Machine • Application: Light- to Medium-weight • Max. sewing speed: 4,500 sti/min • Max. stitch length: 5mm • Presser foot: By knee: 13mm • Needle: DBx1 (#14)"
Apparel,PS-800SB,PS-800S,Computer-controlled Cycle Pattern Machine,Light- to Medium-weight,"4,500 sti/min",DBx1 (#14),PS-800S.png,"Type: Computer-controlled Cycle Pattern Machine • Application: Light- to Medium-weight • Max. sewing speed: 4,500 sti/min • Max. stitch length: 5mm • Presser foot: By knee: 13mm • Needle: DBx1 (#14)"
Apparel,MF-7500,MF-7500,Interlock Stitch Machine,Light- to Medium-weight,"4,500 sti/min",DBx1 (#14),MF-7500.png,"Type: Interlock Stitch Machine • Application: Light- to Medium-weight • Max. sewing speed: 4,500 sti/min • Max. stitch length: 5mm • Presser foot: By knee: 13mm • Needle: DBx1 (#14)"
Apparel,MF-7912DRH24,MF-7912D,Interlock Stitch Machine,Jeans & Heavy-weight,"4,500 sti/min",DBx1 (#14),MF-7912D.png,"Type: Interlock Stitch Machine • Application: Jeans & Heavy-weight • Max. sewing speed: 4,500 sti/min • Max. stitch length: 5mm • Presser foot: By knee: 13mm • Needle: DBx1 (#14)"
Apparel,MF-7900,MF-7900,Interlock Stitch Machine,Light- to Medium-weight,"4,500 sti/min",DBx1 (#14),MF-7900.png,"Type: Interlock Stitch Machine • Application: Light- to Medium-weight • Max. sewing speed: 4,500 sti/min • Max. stitch length: 5mm • Presser foot: By knee: 13mm • Needle: DBx1 (#14)"
Apparel,MF-7900D,MF-7900D,Interlock Stitch Machine,Light- to Medium-weight,"4,500 sti/min",DBx1 (#14),MF-7900D.png,"Type: Interlock Stitch Machine • Application: Light- to Medium-weight • Max. sewing speed: 4,500 sti/min • Max. stitch length: 5mm • Presser foot: By knee: 13mm • Needle: DBx1 (#14)"
Apparel,MF-7200D,MF-7200D,Interlock Stitch Machine,Light- to Medium-weight,"4,500 sti/min",DBx1 (#14),MF-7200D.png,"Type: Interlock Stitch Machine • Application: Light- to Medium-weight • Max. sewing speed: 4,500 sti/min • Max. stitch length: 5mm • Presser foot: By knee: 13mm • Needle: DBx1 (#14)"
Apparel,MF-3620,MF-3620,Interlock Stitch Machine,Light- to Medium-weight,"4,500 sti/min",DBx1 (#14),MF-3620.png,"Type: Interlock Stitch Machine • Application: Light- to Medium-weight • Max. sewing speed: 4,500 sti/min • Max. stitch length: 5mm • Presser foot: By knee: 13mm • Needle: DBx1 (#14)"
Apparel,MH-481,MH-481,Interlock Stitch Machine,Jeans & Heavy-weight,"4,500 sti/min",DBx1 (#14),MH-481.png,"Type: Interlock Stitch Machine • Application: Jeans & Heavy-weight • Max. sewing speed: 4,500 sti/min • Max. stitch length: 5mm • Presser foot: By knee: 13mm • Needle: DBx1 (#14)"
Apparel,PS-900/PS,PS-900,Computer-controlled Cycle Pattern Machine,Light- to Medium-weight,"4,500 sti/min",DBx1 (#14),PS-900.png,"Type: Computer-controlled Cycle Pattern Machine • Application: Light- to Medium-weight • Max. sewing speed: 4,500 sti/min • Max. stitch length: 5mm • Presser foot: By knee: 13mm • Needle: DBx1 (#14)"
Apparel,MH-380,MH-380,Interlock Stitch Machine,Jeans & Heavy-weight,"4,500 sti/min",DBx1 (#14),MH-380.png,"Type: Interlock Stitch Machine • Application: Jeans & Heavy-weight • Max. sewing speed: 4,500 sti/min • Max. stitch length: 5mm • Presser foot: By knee: 13mm • Needle: DBx1 (#14)"
Apparel,MS-3580,MS-3580,Interlock Stitch Machine,Light- to Medium-weight,"4,500 sti/min",DBx1 (#14),MS-3580.png,"Type: Interlock Stitch Machine • Application: Light- to Medium-weight • Max. sewing speed: 4,500 sti/min • Max. stitch length: 5mm • Presser foot: By knee: 13mm • Needle: DBx1 (#14)"
Apparel,MS-1190,MS-1190,Interlock Stitch Machine,Light- to Medium-weight,"4,500 sti/min",DBx1 (#14),MS-1190.png,"Type: Interlock Stitch Machine • Application: Light- to Medium-weight • Max. sewing speed: 4,500 sti/min • Max. stitch length: 5mm • Presser foot: By knee: 13mm • Needle: DBx1 (#14)"
Apparel,MP-200N,MP-200N,Specialized Industrial Sewing Machine,Light- to Medium-weight,"4,500 sti/min",DBx1 (#14),MP-200N.png,"Type: Specialized Industrial Sewing Machine • Application: Light- to Medium-weight • Max. sewing speed: 4,500 sti/min • Max. stitch length: 5mm • Presser foot: By knee: 13mm • Needle: DBx1 (#14)"
Apparel,ML-111U,ML-111U,Specialized Industrial Sewing Machine,Light- to Medium-weight,"4,500 sti/min",DBx1 (#14),ML-111U.png,"Type: Specialized Industrial Sewing Machine • Application: Light- to Medium-weight • Max. sewing speed: 4,500 sti/min • Max. stitch length: 5mm • Presser foot: By knee: 13mm • Needle: DBx1 (#14)"
Apparel,DDL-9000CF,DDL-9000C,1-needle Lockstitch Machine,Light- to Medium-weight,"5,000 sti/min",DBx1 (#11),DDL-9000C.png,"Type: 1-needle Lockstitch Machine • Application: Light- to Medium-weight • Max. sewing speed: 5,000 sti/min • Max. stitch length: 4mm • Presser foot: Auto: 15mm • Needle: DBx1 (#11)"
Apparel,DDL-8000CSMNBK,DDL-8000C,1-needle Lockstitch Machine,Light- to Medium-weight,"4,500 sti/min",DBx1 (#14),DDL-8000C.png,"Type: 1-needle Lockstitch Machine • Application: Light- to Medium-weight • Max. sewing speed: 4,500 sti/min • Max. stitch length: 5mm • Presser foot: By knee: 13mm • Needle: DBx1 (#14)"
Apparel,DDL-8000AS,DDL-8000A,1-needle Lockstitch Machine,Light- to Medium-weight,"4,500 sti/min",DBx1 (#14),DDL-8000A.png,"Type: 1-needle Lockstitch Machine • Application: Light- to Medium-weight • Max. sewing speed: 4,500 sti/min • Max. stitch length: 5mm • Presser foot: By knee: 13mm • Needle: DBx1 (#14)"
Apparel,DDL-8000AB,DDL-8000A,1-needle Lockstitch Machine,Light- to Medium-weight,"4,500 sti/min",DBx1 (#14),DDL-8000A.png,"Type: 1-needle Lockstitch Machine • Application: Light- to Medium-weight • Max. sewing speed: 4,500 sti/min • Max. stitch length: 5mm • Presser foot: By knee: 13mm • Needle: DBx1 (#14)"
Apparel,DDL-9000C/PBN,DDL-9000C,"Direct-drive, High-speed, Lockstitch Sewing System with automatic thread trimmer",Light- to Medium-weight,"5,000 sti/min",DBx1 (#11) #9~18,DDL-9000C.png,"Type: Direct-drive, High-speed, Lockstitch Sewing System with automatic thread trimmer • Application: Light- to Medium-weight • Max. sewing speed: 5,000 sti/min • Max. stitch length: 5mm • Presser foot: By hand: 5.5mm, Auto: 15mm • Needle: DBx1 (#11) #9~18"
Apparel,DDL-7000AS-7,DDL-7000A,1-needle Lockstitch Machine,Light- to Medium-weight,"4,500 sti/min",DBx1 (#14),DDL-7000A.png,"Type: 1-needle Lockstitch Machine • Application: Light- to Medium-weight • Max. sewing speed: 4,500 sti/min • Max. stitch length: 5mm • Presser foot: By knee: 13mm • Needle: DBx1 (#14)"
Apparel,DDL-7000AH-7,DDL-7000A,1-needle Lockstitch Machine,Jeans & Heavy-weight,"4,500 sti/min",DBx1 (#14),DDL-7000A.png,"Type: 1-needle Lockstitch Machine • Application: Jeans & Heavy-weight • Max. sewing speed: 4,500 sti/min • Max. stitch length: 5mm • Presser foot: By knee: 13mm • Needle: DBx1 (#14)"
Apparel,DDL-8700,DDL-8700,1-needle Lockstitch Machine,Light- to Medium-weight,"5,500 sti/min",DBx1 (#14),DDL-8700.png,"Type: 1-needle Lockstitch Machine • Application: Light- to Medium-weight • Max. sewing speed: 5,500 sti/min • Max. stitch length: 5mm • Presser foot: By knee: 13mm • Needle: DBx1 (#14)"
Apparel,DDL-8700A-7,DDL-8700A,1-needle Lockstitch Machine,Light- to Medium-weight,"5,500 sti/min",DBx1 (#14),DDL-8700A.png,"Type: 1-needle Lockstitch Machine • Application: Light- to Medium-weight • Max. sewing speed: 5,500 sti/min • Max. stitch length: 4mm • Presser foot: By knee: 13mm • Needle: DBx1 (#14)"
Apparel,DDL-8700H-7,DDL-8700H,1-needle Lockstitch Machine,Jeans & Heavy-weight,"4,000 sti/min",DBx1 (#21),DDL-8700H.png,"Type: 1-needle Lockstitch Machine • Application: Jeans & Heavy-weight • Max. sewing speed: 4,000 sti/min • Max. stitch length: 5mm • Presser foot: By knee: 13mm • Needle: DBx1 (#21)"
Apparel,DLU-5490N,DLU-5490N,Top-feed Lockstitch Machine,Light- to Medium-weight,"4,500 sti/min",DBx1 (#14),DLU-5490N.png,"Type: Top-feed Lockstitch Machine • Application: Light- to Medium-weight • Max. sewing speed: 4,500 sti/min • Max. stitch length: 5mm • Presser foot: By knee: 13mm • Needle: DBx1 (#14)"
Apparel,DDL-5600N,DDL-5600N,1-needle Lockstitch Machine,Light- to Medium-weight,"4,500 sti/min",DBx1 (#14),DDL-5600N.png,"Type: 1-needle Lockstitch Machine • Application: Light- to Medium-weight • Max. sewing speed: 4,500 sti/min • Max. stitch length: 5mm • Presser foot: By knee: 13mm • Needle: DBx1 (#14)"
Apparel,DDL-5600NJ-7,DDL-5600N,1-needle Lockstitch Machine,Light- to Medium-weight,"4,500 sti/min",DBx1 (#14),DDL-5600N.png,"Type: 1-needle Lockstitch Machine • Application: Light- to Medium-weight • Max. sewing speed: 4,500 sti/min • Max. stitch length: 5mm • Presser foot: By knee: 13mm • Needle: DBx1 (#14)"
Apparel,DDL-5600NL-7,DDL-5600N,1-needle Lockstitch Machine,Light- to Medium-weight,"4,500 sti/min",DBx1 (#14),DDL-5600N.png,"Type: 1-needle Lockstitch Machine • Application: Light- to Medium-weight • Max. sewing speed: 4,500 sti/min • Max. stitch length: 5mm • Presser foot: By knee: 13mm • Needle: DBx1 (#14)"
Apparel,DDL-5550N,DDL-5550N,1-needle Lockstitch Machine,Light- to Medium-weight,"4,500 sti/min",DBx1 (#14),DDL-5550N.png,"Type: 1-needle Lockstitch Machine • Application: Light- to Medium-weight • Max. sewing speed: 4,500 sti/min • Max. stitch length: 5mm • Presser foot: By knee: 13mm • Needle: DBx1 (#14)"
Apparel,DDL-5550NA-7,DDL-5550N,1-needle Lockstitch Machine,Jeans & Heavy-weight,"4,500 sti/min",DBx1 (#14),DDL-5550N.png,"Type: 1-needle Lockstitch Machine • Application: Jeans & Heavy-weight • Max. sewing speed: 4,500 sti/min • Max. stitch length: 5mm • Presser foot: By knee: 13mm • Needle: DBx1 (#14)"
Apparel,DDL-5550NH-7,DDL-5550N,1-needle Lockstitch Machine,Jeans & Heavy-weight,"4,500 sti/min",DBx1 (#14),DDL-5550N.png,"Type: 1-needle Lockstitch Machine • Application: Jeans & Heavy-weight • Max. sewing speed: 4,500 sti/min • Max. stitch length: 5mm • Presser foot: By knee: 13mm • Needle: DBx1 (#14)"
Apparel,DLN-5410NDDH-7,DLN-5410N,Needle-feed Lockstitch Machine,Jeans & Heavy-weight,"5,000 sti/min",DBx1 (#14),DLN-5410N.png,"Type: Needle-feed Lockstitch Machine • Application: Jeans & Heavy-weight • Max. sewing speed: 5,000 sti/min • Max. stitch length: 4mm • Presser foot: By knee: 13mm • Needle: DBx1 (#14)"
Apparel,DLN-5410NDDJ-7,DLN-5410N,Needle-feed Lockstitch Machine,Jeans & Heavy-weight,"5,000 sti/min",DBx1 (#14),DLN-5410N.png,"Type: Needle-feed Lockstitch Machine • Application: Jeans & Heavy-weight • Max. sewing speed: 5,000 sti/min • Max. stitch length: 4mm • Presser foot: By knee: 13mm • Needle: DBx1 (#14)"
Apparel,DLN-5410N,DLN-5410N,Needle-feed Lockstitch Machine,Light- to Medium-weight,"5,000 sti/min",DBx1 (#14),DLN-5410N.png,"Type: Needle-feed Lockstitch Machine • Application: Light- to Medium-weight • Max. sewing speed: 5,000 sti/min • Max. stitch length: 4mm • Presser foot: By knee: 13mm • Needle: DBx1 (#14)"
Apparel,DLM-5200N,DLM-5200N,Top-feed Lockstitch Machine,Light- to Medium-weight,"4,500 sti/min",DBx1 (#14),DLM-5200N.png,"Type: Top-feed Lockstitch Machine • Application: Light- to Medium-weight • Max. sewing speed: 4,500 sti/min • Max. stitch length: 5mm • Presser foot: By knee: 13mm • Needle: DBx1 (#14)"
Apparel,DLN-5410NH-7,DLN-5410N,Needle-feed Lockstitch Machine,Jeans & Heavy-weight,"5,000 sti/min",DBx1 (#14),DLN-5410N.png,"Type: Needle-feed Lockstitch Machine • Application: Jeans & Heavy-weight • Max. sewing speed: 5,000 sti/min • Max. stitch length: 4mm • Presser foot: By knee: 13mm • Needle: DBx1 (#14)"
Apparel,DLN-5410NJ-7,DLN-5410N,Needle-feed Lockstitch Machine,Light- to Medium-weight,"5,000 sti/min",DBx1 (#14),DLN-5410N.png,"Type: Needle-feed Lockstitch Machine • Application: Light- to Medium-weight • Max. sewing speed: 5,000 sti/min • Max. stitch length: 4mm • Presser foot: By knee: 13mm • Needle: DBx1 (#14)"
Apparel,DLN-5410NL,DLN-5410N,Needle-feed Lockstitch Machine,Light- to Medium-weight,"5,000 sti/min",DBx1 (#14),DLN-5410N.png,"Type: Needle-feed Lockstitch Machine • Application: Light- to Medium-weight • Max. sewing speed: 5,000 sti/min • Max. stitch length: 4mm • Presser foot: By knee: 13mm • Needle: DBx1 (#14)"
Apparel,DLN-6390,DLN-6390,Needle-feed Lockstitch Machine,Light- to Medium-weight,"4,500 sti/min",DBx1 (#14),DLN-6390.png,"Type: Needle-feed Lockstitch Machine • Application: Light- to Medium-weight • Max. sewing speed: 4,500 sti/min • Max. stitch length: 5mm • Presser foot: By knee: 13mm • Needle: DBx1 (#14)"
Apparel,LH-3528A,LH-3528A,2-needle Lockstitch Machine,Jeans & Heavy-weight,"4,500 sti/min",DBx1 (#14),LH-3528A.png,"Type: 2-needle Lockstitch Machine • Application: Jeans & Heavy-weight • Max. sewing speed: 4,500 sti/min • Max. stitch length: 5mm • Presser foot: By knee: 13mm • Needle: DBx1 (#14)"
Apparel,LH-3578A-7,LH-3578A,2-needle Lockstitch Machine,Jeans & Heavy-weight,"4,500 sti/min",DBx1 (#14),LH-3578A.png,"Type: 2-needle Lockstitch Machine • Application: Jeans & Heavy-weight • Max. sewing speed: 4,500 sti/min • Max. stitch length: 5mm • Presser foot: By knee: 13mm • Needle: DBx1 (#14)"
Apparel,LH-3578A,LH-3578A,2-needle Lockstitch Machine,Jeans & Heavy-weight,"4,500 sti/min",DBx1 (#14),LH-3578A.png,"Type: 2-needle Lockstitch Machine • Application: Jeans & Heavy-weight • Max. sewing speed: 4,500 sti/min • Max. stitch length: 5mm • Presser foot: By knee: 13mm • Needle: DBx1 (#14)"
Apparel,LH-3500A,LH-3500A,2-needle Lockstitch Machine,Jeans & Heavy-weight,"4,500 sti/min",DBx1 (#14),LH-3500A.png,"Type: 2-needle Lockstitch Machine • Application: Jeans & Heavy-weight • Max. sewing speed: 4,500 sti/min • Max. stitch length: 5mm • Presser foot: By knee: 13mm • Needle: DBx1 (#14)"
Apparel,LH-4578C,LH-4578C,2-needle Lockstitch Machine,Jeans & Heavy-weight,"4,500 sti/min",DBx1 (#14),LH-4578C.png,"Type: 2-needle Lockstitch Machine • Application: Jeans & Heavy-weight • Max. sewing speed: 4,500 sti/min • Max. stitch length: 5mm • Presser foot: By knee: 13mm • Needle: DBx1 (#14)"
Apparel,LH-4588C-7,LH-4588C,2-needle Lockstitch Machine,Jeans & Heavy-weight,"4,500 sti/min",DBx1 (#14),LH-4588C.png,"Type: 2-needle Lockstitch Machine • Application: Jeans & Heavy-weight • Max. sewing speed: 4,500 sti/min • Max. stitch length: 5mm • Presser foot: By knee: 13mm • Needle: DBx1 (#14)"
Apparel,LH-3568A,LH-3568A,2-needle Lockstitch Machine,Jeans & Heavy-weight,"4,500 sti/min",DBx1 (#14),LH-3568A.png,"Type: 2-needle Lockstitch Machine • Application: Jeans & Heavy-weight • Max. sewing speed: 4,500 sti/min • Max. stitch length: 5mm • Presser foot: By knee: 13mm • Needle: DBx1 (#14)"
Apparel,LH-3588A-7,LH-3588A,2-needle Lockstitch Machine,Jeans & Heavy-weight,"4,500 sti/min",DBx1 (#14),LH-3588A.png,"Type: 2-needle Lockstitch Machine • Application: Jeans & Heavy-weight • Max. sewing speed: 4,500 sti/min • Max. stitch length: 5mm • Presser foot: By knee: 13mm • Needle: DBx1 (#14)"
Apparel,LH-3588A,LH-3588A,2-needle Lockstitch Machine,Jeans & Heavy-weight,"4,500 sti/min",DBx1 (#14),LH-3588A.png,"Type: 2-needle Lockstitch Machine • Application: Jeans & Heavy-weight • Max. sewing speed: 4,500 sti/min • Max. stitch length: 5mm • Presser foot: By knee: 13mm • Needle: DBx1 (#14)"
Apparel,LH-4578CFF,LH-4578C,2-needle Lockstitch Machine,Jeans & Heavy-weight,"4,500 sti/min",DBx1 (#14),LH-4578C.png,"Type: 2-needle Lockstitch Machine • Application: Jeans & Heavy-weight • Max. sewing speed: 4,500 sti/min • Max. stitch length: 5mm • Presser foot: By knee: 13mm • Needle: DBx1 (#14)"
Apparel,LH-4578CFS,LH-4578C,2-needle Lockstitch Machine,Jeans & Heavy-weight,"4,500 sti/min",DBx1 (#14),LH-4578C.png,"Type: 2-needle Lockstitch Machine • Application: Jeans & Heavy-weight • Max. sewing speed: 4,500 sti/min • Max. stitch length: 5mm • Presser foot: By knee: 13mm • Needle: DBx1 (#14)"
Apparel,LH-4578CFS-7,LH-4578C,2-needle Lockstitch Machine,Jeans & Heavy-weight,"4,500 sti/min",DBx1 (#14),LH-4578C.png,"Type: 2-needle Lockstitch Machine • Application: Jeans & Heavy-weight • Max. sewing speed: 4,500 sti/min • Max. stitch length: 5mm • Presser foot: By knee: 13mm • Needle: DBx1 (#14)"
Apparel,LH-4588CFS-7,LH-4588C,2-needle Lockstitch Machine,Jeans & Heavy-weight,"4,500 sti/min",DBx1 (#14),LH-4588C.png,"Type: 2-needle Lockstitch Machine • Application: Jeans & Heavy-weight • Max. sewing speed: 4,500 sti/min • Max. stitch length: 5mm • Presser foot: By knee: 13mm • Needle: DBx1 (#14)"
Apparel,LH-4578CFG-7,LH-4578C,2-needle Lockstitch Machine,Jeans & Heavy-weight,"4,500 sti/min",DBx1 (#14),LH-4578C.png,"Type: 2-needle Lockstitch Machine • Application: Jeans & Heavy-weight • Max. sewing speed: 4,500 sti/min • Max. stitch length: 5mm • Presser foot: By knee: 13mm • Needle: DBx1 (#14)"
Apparel,LH-4588CFG-7,LH-4588C,2-needle Lockstitch Machine,Jeans & Heavy-weight,"4,500 sti/min",DBx1 (#14),LH-4588C.png,"Type: 2-needle Lockstitch Machine • Application: Jeans & Heavy-weight • Max. sewing speed: 4,500 sti/min • Max. stitch length: 5mm • Presser foot: By knee: 13mm • Needle: DBx1 (#14)"
Apparel,MO-6700S,MO-6700S,Overlock/Safety Stitch Machine,Light- to Medium-weight,"7,000 sti/min",DCx27 (#11),MO-6700S.png,"Type: Overlock/Safety Stitch Machine • Application: Light- to Medium-weight • Max. sewing speed: 7,000 sti/min • Max. stitch length: 4mm • Presser foot: By hand: 5.5mm • Needle: DCx27 (#11)"
Apparel,MO-6816D,MO-6816D,Overlock/Safety Stitch Machine,Light- to Medium-weight,"7,000 sti/min",DCx27 (#11),MO-6816D.png,"Type: Overlock/Safety Stitch Machine • Application: Light- to Medium-weight • Max. sewing speed: 7,000 sti/min • Max. stitch length: 4mm • Presser foot: By hand: 5.5mm • Needle: DCx27 (#11)"
Apparel,MO-6804D,MO-6804D,Overlock/Safety Stitch Machine,Light- to Medium-weight,"7,000 sti/min",DCx27 (#11),MO-6804D.png,"Type: Overlock/Safety Stitch Machine • Application: Light- to Medium-weight • Max. sewing speed: 7,000 sti/min • Max. stitch length: 4mm • Presser foot: By hand: 5.5mm • Needle: DCx27 (#11)"
Apparel,MO-6814D,MO-6814D,Overlock/Safety Stitch Machine,Light- to Medium-weight,"7,000 sti/min",DCx27 (#11),MO-6814D.png,"Type: Overlock/Safety Stitch Machine • Application: Light- to Medium-weight • Max. sewing speed: 7,000 sti/min • Max. stitch length: 4mm • Presser foot: By hand: 5.5mm • Needle: DCx27 (#11)"
Apparel,MO-6843D,MO-6843D,Overlock/Safety Stitch Machine,Light- to Medium-weight,"7,000 sti/min",DCx27 (#11),MO-6843D.png,"Type: Overlock/Safety Stitch Machine • Application: Light- to Medium-weight • Max. sewing speed: 7,000 sti/min • Max. stitch length: 4mm • Presser foot: By hand: 5.5mm • Needle: DCx27 (#11)"
Apparel,MO-6714DA,MO-6714D,Overlock/Safety Stitch Machine,Light- to Medium-weight,"7,000 sti/min",DCx27 (#11),MO-6714D.png,"Type: Overlock/Safety Stitch Machine • Application: Light- to Medium-weight • Max. sewing speed: 7,000 sti/min • Max. stitch length: 4mm • Presser foot: By hand: 5.5mm • Needle: DCx27 (#11)"
Apparel,MO-6704DA,MO-6704D,Overlock/Safety Stitch Machine,Light- to Medium-weight,"7,000 sti/min",DCx27 (#11),MO-6704D.png,"Type: Overlock/Safety Stitch Machine • Application: Light- to Medium-weight • Max. sewing speed: 7,000 sti/min • Max. stitch length: 4mm • Presser foot: By hand: 5.5mm • Needle: DCx27 (#11)"
Apparel,MO-6716DA,MO-6716D,Overlock/Safety Stitch Machine,Light- to Medium-weight,"7,000 sti/min",DCx27 (#11),MO-6716D.png,"Type: Overlock/Safety Stitch Machine • Application: Light- to Medium-weight • Max. sewing speed: 7,000 sti/min • Max. stitch length: 4mm • Presser foot: By hand: 5.5mm • Needle: DCx27 (#11)"
Apparel,MO-6743DA,MO-6743D,Overlock/Safety Stitch Machine,Light- to Medium-weight,"7,000 sti/min",DCx27 (#11),MO-6743D.png,"Type: Overlock/Safety Stitch Machine • Application: Light- to Medium-weight • Max. sewing speed: 7,000 sti/min • Max. stitch length: 4mm • Presser foot: By hand: 5.5mm • Needle: DCx27 (#11)"
Apparel,MO-6800AD/DD10,MO-6800A,Overlock/Safety Stitch Machine,Light- to Medium-weight,"7,000 sti/min",DCx27 (#11),MO-6800A.png,"Type: Overlock/Safety Stitch Machine • Application: Light- to Medium-weight • Max. sewing speed: 7,000 sti/min • Max. stitch length: 4mm • Presser foot: By hand: 5.5mm • Needle: DCx27 (#11)"
Apparel,MO-6804S,MO-6804S,Overlock/Safety Stitch Machine,Light- to Medium-weight,"7,000 sti/min",DCx27 (#11),MO-6804S.png,"Type: Overlock/Safety Stitch Machine • Application: Light- to Medium-weight • Max. sewing speed: 7,000 sti/min • Max. stitch length: 4mm • Presser foot: By hand: 5.5mm • Needle: DCx27 (#11)"
Apparel,MO-6814S,MO-6814S,Overlock/Safety Stitch Machine,Light- to Medium-weight,"7,000 sti/min",DCx27 (#11),MO-6814S.png,"Type: Overlock/Safety Stitch Machine • Application: Light- to Medium-weight • Max. sewing speed: 7,000 sti/min • Max. stitch length: 4mm • Presser foot: By hand: 5.5mm • Needle: DCx27 (#11)"
Apparel,MO-6816S,MO-6816S,Overlock/Safety Stitch Machine,Light- to Medium-weight,"7,000 sti/min",DCx27 (#11),MO-6816S.png,"Type: Overlock/Safety Stitch Machine • Application: Light- to Medium-weight • Max. sewing speed: 7,000 sti/min • Max. stitch length: 4mm • Presser foot: By hand: 5.5mm • Needle: DCx27 (#11)"
Apparel,MO-6800AS,MO-6800A,Overlock/Safety Stitch Machine,Light- to Medium-weight,"7,000 sti/min",DCx27 (#11),MO-6800A.png,"Type: Overlock/Safety Stitch Machine • Application: Light- to Medium-weight • Max. sewing speed: 7,000 sti/min • Max. stitch length: 4mm • Presser foot: By hand: 5.5mm • Needle: DCx27 (#11)"
Apparel,MO-6814AD/DD23,MO-6814A,Overlock/Safety Stitch Machine,Light- to Medium-weight,"7,000 sti/min",DCx27 (#11),MO-6814A.png,"Type: Overlock/Safety Stitch Machine • Application: Light- to Medium-weight • Max. sewing speed: 7,000 sti/min • Max. stitch length: 4mm • Presser foot: By hand: 5.5mm • Needle: DCx27 (#11)"
Apparel,MO-6804AS,MO-6804A,Overlock/Safety Stitch Machine,Light- to Medium-weight,"7,000 sti/min",DCx27 (#11),MO-6804A.png,"Type: Overlock/Safety Stitch Machine • Application: Light- to Medium-weight • Max. sewing speed: 7,000 sti/min • Max. stitch length: 4mm • Presser foot: By hand: 5.5mm • Needle: DCx27 (#11)"
Apparel,MO-6814AS,MO-6814A,Overlock/Safety Stitch Machine,Light- to Medium-weight,"7,000 sti/min",DCx27 (#11),MO-6814A.png,"Type: Overlock/Safety Stitch Machine • Application: Light- to Medium-weight • Max. sewing speed: 7,000 sti/min • Max. stitch length: 4mm • Presser foot: By hand: 5.5mm • Needle: DCx27 (#11)"
Apparel,MO-6816AS,MO-6816A,Overlock/Safety Stitch Machine,Light- to Medium-weight,"7,000 sti/min",DCx27 (#11),MO-6816A.png,"Type: Overlock/Safety Stitch Machine • Application: Light- to Medium-weight • Max. sewing speed: 7,000 sti/min • Max. stitch length: 4mm • Presser foot: By hand: 5.5mm • Needle: DCx27 (#11)"
Apparel,MO-6843AS,MO-6843A,Overlock/Safety Stitch Machine,Light- to Medium-weight,"7,000 sti/min",DCx27 (#11),MO-6843A.png,"Type: Overlock/Safety Stitch Machine • Application: Light- to Medium-weight • Max. sewing speed: 7,000 sti/min • Max. stitch length: 4mm • Presser foot: By hand: 5.5mm • Needle: DCx27 (#11)"
Apparel,MO-6804AD,MO-6804A,Overlock/Safety Stitch Machine,Light- to Medium-weight,"7,000 sti/min",DCx27 (#11),MO-6804A.png,"Type: Overlock/Safety Stitch Machine • Application: Light- to Medium-weight • Max. sewing speed: 7,000 sti/min • Max. stitch length: 4mm • Presser foot: By hand: 5.5mm • Needle: DCx27 (#11)"
Apparel,MO-6814AD,MO-6814A,Overlock/Safety Stitch Machine,Light- to Medium-weight,"7,000 sti/min",DCx27 (#11),MO-6814A.png,"Type: Overlock/Safety Stitch Machine • Application: Light- to Medium-weight • Max. sewing speed: 7,000 sti/min • Max. stitch length: 4mm • Presser foot: By hand: 5.5mm • Needle: DCx27 (#11)"
Apparel,MO-6816AD,MO-6816A,Overlock/Safety Stitch Machine,Light- to Medium-weight,"7,000 sti/min",DCx27 (#11),MO-6816A.png,"Type: Overlock/Safety Stitch Machine • Application: Light- to Medium-weight • Max. sewing speed: 7,000 sti/min • Max. stitch length: 4mm • Presser foot: By hand: 5.5mm • Needle: DCx27 (#11)"
Apparel,MO-6843AD,MO-6843A,Overlock/Safety Stitch Machine,Light- to Medium-weight,"7,000 sti/min",DCx27 (#11),MO-6843A.png,"Type: Overlock/Safety Stitch Machine • Application: Light- to Medium-weight • Max. sewing speed: 7,000 sti/min • Max. stitch length: 4mm • Presser foot: By hand: 5.5mm • Needle: DCx27 (#11)"
Apparel,MO-6904S,MO-6904S,Overlock/Safety Stitch Machine,Light- to Medium-weight,"8,000 sti/min",DCx27 (#11),MO-6904S.png,"Type: Overlock/Safety Stitch Machine • Application: Light- to Medium-weight • Max. sewing speed: 8,000 sti/min • Max. stitch length: 4mm • Presser foot: By hand: 5.5mm • Needle: DCx27 (#11)"
Apparel,MO-6914S,MO-6914S,Overlock/Safety Stitch Machine,Light- to Medium-weight,"8,000 sti/min",DCx27 (#11),MO-6914S.png,"Type: Overlock/Safety Stitch Machine • Application: Light- to Medium-weight • Max. sewing speed: 8,000 sti/min • Max. stitch length: 4mm • Presser foot: By hand: 5.5mm • Needle: DCx27 (#11)"
Apparel,MO-6916S,MO-6916S,Overlock/Safety Stitch Machine,Light- to Medium-weight,"8,000 sti/min",DCx27 (#11),MO-6916S.png,"Type: Overlock/Safety Stitch Machine • Application: Light- to Medium-weight • Max. sewing speed: 8,000 sti/min • Max. stitch length: 4mm • Presser foot: By hand: 5.5mm • Needle: DCx27 (#11)"
Apparel,MO-6904R,MO-6904R,Overlock/Safety Stitch Machine,Light- to Medium-weight,"8,000 sti/min",DCx27 (#11),MO-6904R.png,"Type: Overlock/Safety Stitch Machine • Application: Light- to Medium-weight • Max. sewing speed: 8,000 sti/min • Max. stitch length: 4mm • Presser foot: By hand: 5.5mm • Needle: DCx27 (#11)"
Apparel,MO-6914R,MO-6914R,Overlock/Safety Stitch Machine,Light- to Medium-weight,"8,000 sti/min",DCx27 (#11),MO-6914R.png,"Type: Overlock/Safety Stitch Machine • Application: Light- to Medium-weight • Max. sewing speed: 8,000 sti/min • Max. stitch length: 4mm • Presser foot: By hand: 5.5mm • Needle: DCx27 (#11)"
Apparel,MO-6916R,MO-6916R,Overlock/Safety Stitch Machine,Light- to Medium-weight,"8,000 sti/min",DCx27 (#11),MO-6916R.png,"Type: Overlock/Safety Stitch Machine • Application: Light- to Medium-weight • Max. sewing speed: 8,000 sti/min • Max. stitch length: 4mm • Presser foot: By hand: 5.5mm • Needle: DCx27 (#11)"
Apparel,MO-6900G,MO-6900G,Overlock/Safety Stitch Machine,Jeans & Heavy-weight,"8,000 sti/min",DCx27 (#11),MO-6900G.png,"Type: Overlock/Safety Stitch Machine • Application: Jeans & Heavy-weight • Max. sewing speed: 8,000 sti/min • Max. stitch length: 4mm • Presser foot: By hand: 5.5mm • Needle: DCx27 (#11)"
Apparel,MO-6916J,MO-6916J,Overlock/Safety Stitch Machine,Jeans & Heavy-weight,"8,000 sti/min",DCx27 (#11),MO-6916J.png,"Type: Overlock/Safety Stitch Machine • Application: Jeans & Heavy-weight • Max. sewing speed: 8,000 sti/min • Max. stitch length: 4mm • Presser foot: By hand: 5.5mm • Needle: DCx27 (#11)"
Apparel,MO-6904J,MO-6904J,Overlock/Safety Stitch Machine,Jeans & Heavy-weight,"8,000 sti/min",DCx27 (#11),MO-6904J.png,"Type: Overlock/Safety Stitch Machine • Application: Jeans & Heavy-weight • Max. sewing speed: 8,000 sti/min • Max. stitch length: 4mm • Presser foot: By hand: 5.5mm • Needle: DCx27 (#11)"
Apparel,MO-6914J,MO-6914J,Overlock/Safety Stitch Machine,Jeans & Heavy-weight,"8,000 sti/min",DCx27 (#11),MO-6914J.png,"Type: Overlock/Safety Stitch Machine • Application: Jeans & Heavy-weight • Max. sewing speed: 8,000 sti/min • Max. stitch length: 4mm • Presser foot: By hand: 5.5mm • Needle: DCx27 (#11)"
Apparel,MO-6904G,MO-6904G,Overlock/Safety Stitch Machine,Light- to Medium-weight,"8,000 sti/min",DCx27 (#11),MO-6904G.png,"Type: Overlock/Safety Stitch Machine • Application: Light- to Medium-weight • Max. sewing speed: 8,000 sti/min • Max. stitch length: 4mm • Presser foot: By hand: 5.5mm • Needle: DCx27 (#11)"
Apparel,MO-6914G,MO-6914G,Overlock/Safety Stitch Machine,Light- to Medium-weight,"8,000 sti/min",DCx27 (#11),MO-6914G.png,"Type: Overlock/Safety Stitch Machine • Application: Light- to Medium-weight • Max. sewing speed: 8,000 sti/min • Max. stitch length: 4mm • Presser foot: By hand: 5.5mm • Needle: DCx27 (#11)"
Apparel,MO-6916G,MO-6916G,Overlock/Safety Stitch Machine,Light- to Medium-weight,"8,000 sti/min",DCx27 (#11),MO-6916G.png,"Type: Overlock/Safety Stitch Machine • Application: Light- to Medium-weight • Max. sewing speed: 8,000 sti/min • Max. stitch length: 4mm • Presser foot: By hand: 5.5mm • Needle: DCx27 (#11)"
Apparel,MO-6904C,MO-6904C,Overlock/Safety Stitch Machine,Light- to Medium-weight,"8,000 sti/min",DCx27 (#11),MO-6904C.png,"Type: Overlock/Safety Stitch Machine • Application: Light- to Medium-weight • Max. sewing speed: 8,000 sti/min • Max. stitch length: 4mm • Presser foot: By hand: 5.5mm • Needle: DCx27 (#11)"
Apparel,LZ-2284B,LZ-2284B,Zigzag Stitching Machine,Light- to Medium-weight,"5,000 sti/min",DBx1 (#14),LZ-2284B.png,"Type: Zigzag Stitching Machine • Application: Light- to Medium-weight • Max. sewing speed: 5,000 sti/min • Max. stitch length: 5mm • Presser foot: By knee: 10mm • Needle: DBx1 (#14)"
Apparel,LZ-2290CF-7,LZ-2290C,Zigzag Stitching Machine,Light- to Medium-weight,"5,000 sti/min",DBx1 (#14),LZ-2290C.png,"Type: Zigzag Stitching Machine • Application: Light- to Medium-weight • Max. sewing speed: 5,000 sti/min • Max. stitch length: 5mm • Presser foot: By knee: 10mm • Needle: DBx1 (#14)"
Apparel,LZ-2290CS-7,LZ-2290C,Zigzag Stitching Machine,Light- to Medium-weight,"5,000 sti/min",DBx1 (#14),LZ-2290C.png,"Type: Zigzag Stitching Machine • Application: Light- to Medium-weight • Max. sewing speed: 5,000 sti/min • Max. stitch length: 5mm • Presser foot: By knee: 10mm • Needle: DBx1 (#14)"
Apparel,LZ-2290CS,LZ-2290C,Zigzag Stitching Machine,Light- to Medium-weight,"5,000 sti/min",DBx1 (#14),LZ-2290C.png,"Type: Zigzag Stitching Machine • Application: Light- to Medium-weight • Max. sewing speed: 5,000 sti/min • Max. stitch length: 5mm • Presser foot: By knee: 10mm • Needle: DBx1 (#14)"
Apparel,LZ-2282N,LZ-2282N,Zigzag Stitching Machine,Light- to Medium-weight,"5,000 sti/min",DBx1 (#14),LZ-2282N.png,"Type: Zigzag Stitching Machine • Application: Light- to Medium-weight • Max. sewing speed: 5,000 sti/min • Max. stitch length: 5mm • Presser foot: By knee: 10mm • Needle: DBx1 (#14)"
Apparel,LZ-2280BA,LZ-2280B,Zigzag Stitching Machine,Light- to Medium-weight,"5,000 sti/min",DBx1 (#14),LZ-2280B.png,"Type: Zigzag Stitching Machine • Application: Light- to Medium-weight • Max. sewing speed: 5,000 sti/min • Max. stitch length: 5mm • Presser foot: By knee: 10mm • Needle: DBx1 (#14)"
Apparel,LZ-2280BB,LZ-2280B,Zigzag Stitching Machine,Light- to Medium-weight,"5,000 sti/min",DBx1 (#14),LZ-2280B.png,"Type: Zigzag Stitching Machine • Application: Light- to Medium-weight • Max. sewing speed: 5,000 sti/min • Max. stitch length: 5mm • Presser foot: By knee: 10mm • Needle: DBx1 (#14)"
Apparel,LZ-391N,LZ-391N,Zigzag Stitching Machine,Light- to Medium-weight,"5,000 sti/min",DBx1 (#14),LZ-391N.png,"Type: Zigzag Stitching Machine • Application: Light- to Medium-weight • Max. sewing speed: 5,000 sti/min • Max. stitch length: 5mm • Presser foot: By knee: 10mm • Needle: DBx1 (#14)"
Apparel,LZ-2284NU,LZ-2284N,Zigzag Stitching Machine,Light- to Medium-weight,"5,000 sti/min",DBx1 (#14),LZ-2284N.png,"Type: Zigzag Stitching Machine • Application: Light- to Medium-weight • Max. sewing speed: 5,000 sti/min • Max. stitch length: 5mm • Presser foot: By knee: 10mm • Needle: DBx1 (#14)"
Apparel,LZ-2280NU,LZ-2280N,Zigzag Stitching Machine,Light- to Medium-weight,"5,000 sti/min",DBx1 (#14),LZ-2280N.png,"Type: Zigzag Stitching Machine • Application: Light- to Medium-weight • Max. sewing speed: 5,000 sti/min • Max. stitch length: 5mm • Presser foot: By knee: 10mm • Needle: DBx1 (#14)"
Apparel,MF-7500D,MF-7500D,Interlock Stitch Machine,Light- to Medium-weight,"4,500 sti/min",DBx1 (#14),MF-7500D.png,"Type: Interlock Stitch Machine • Application: Light- to Medium-weight • Max. sewing speed: 4,500 sti/min • Max. stitch length: 5mm • Presser foot: By knee: 13mm • Needle: DBx1 (#14)"
Apparel,MF-7523,MF-7523,Interlock Stitch Machine,Light- to Medium-weight,"4,500 sti/min",DBx1 (#14),MF-7523.png,"Type: Interlock Stitch Machine • Application: Light- to Medium-weight • Max. sewing speed: 4,500 sti/min • Max. stitch length: 5mm • Presser foot: By knee: 13mm • Needle: DBx1 (#14)"
Apparel,MF-7913DRH24,MF-7913D,Interlock Stitch Machine,Jeans & Heavy-weight,"4,500 sti/min",DBx1 (#14),MF-7913D.png,"Type: Interlock Stitch Machine • Application: Jeans & Heavy-weight • Max. sewing speed: 4,500 sti/min • Max. stitch length: 5mm • Presser foot: By knee: 13mm • Needle: DBx1 (#14)"
Apparel,MF-7500/U11,MF-7500,Interlock Stitch Machine,Light- to Medium-weight,"4,500 sti/min",DBx1 (#14),MF-7500.png,"Type: Interlock Stitch Machine • Application: Light- to Medium-weight • Max. sewing speed: 4,500 sti/min • Max. stitch length: 5mm • Presser foot: By knee: 13mm • Needle: DBx1 (#14)"
Apparel,MF-7500D/U11,MF-7500D,Interlock Stitch Machine,Light- to Medium-weight,"4,500 sti/min",DBx1 (#14),MF-7500D.png,"Type: Interlock Stitch Machine • Application: Light- to Medium-weight • Max. sewing speed: 4,500 sti/min • Max. stitch length: 5mm • Presser foot: By knee: 13mm • Needle: DBx1 (#14)"
Apparel,MF-7900DRH24,MF-7900D,Interlock Stitch Machine,Jeans & Heavy-weight,"4,500 sti/min",DBx1 (#14),MF-7900D.png,"Type: Interlock Stitch Machine • Application: Jeans & Heavy-weight • Max. sewing speed: 4,500 sti/min • Max. stitch length: 5mm • Presser foot: By knee: 13mm • Needle: DBx1 (#14)"
Apparel,MF-7523D,MF-7523D,Interlock Stitch Machine,Light- to Medium-weight,"4,500 sti/min",DBx1 (#14),MF-7523D.png,"Type: Interlock Stitch Machine • Application: Light- to Medium-weight • Max. sewing speed: 4,500 sti/min • Max. stitch length: 5mm • Presser foot: By knee: 13mm • Needle: DBx1 (#14)"
Apparel,MF-7923,MF-7923,Interlock Stitch Machine,Light- to Medium-weight,"4,500 sti/min",DBx1 (#14),MF-7923.png,"Type: Interlock Stitch Machine • Application: Light- to Medium-weight • Max. sewing speed: 4,500 sti/min • Max. stitch length: 5mm • Presser foot: By knee: 13mm • Needle: DBx1 (#14)"
Apparel,MF-7913D,MF-7913D,Interlock Stitch Machine,Light- to Medium-weight,"4,500 sti/min",DBx1 (#14),MF-7913D.png,"Type: Interlock Stitch Machine • Application: Light- to Medium-weight • Max. sewing speed: 4,500 sti/min • Max. stitch length: 5mm • Presser foot: By knee: 13mm • Needle: DBx1 (#14)"
Apparel,MF-7923D,MF-7923D,Interlock Stitch Machine,Light- to Medium-weight,"4,500 sti/min",DBx1 (#14),MF-7923D.png,"Type: Interlock Stitch Machine • Application: Light- to Medium-weight • Max. sewing speed: 4,500 sti/min • Max. stitch length: 5mm • Presser foot: By knee: 13mm • Needle: DBx1 (#14)"
Apparel,MF-7223D,MF-7223D,Interlock Stitch Machine,Light- to Medium-weight,"4,500 sti/min",DBx1 (#14),MF-7223D.png,"Type: Interlock Stitch Machine • Application: Light- to Medium-weight • Max. sewing speed: 4,500 sti/min • Max. stitch length: 5mm • Presser foot: By knee: 13mm • Needle: DBx1 (#14)"
Apparel,MH-382,MH-382,Interlock Stitch Machine,Jeans & Heavy-weight,"4,500 sti/min",DBx1 (#14),MH-382.png,"Type: Interlock Stitch Machine • Application: Jeans & Heavy-weight • Max. sewing speed: 4,500 sti/min • Max. stitch length: 5mm • Presser foot: By knee: 13mm • Needle: DBx1 (#14)"
Apparel,MS-3580S,MS-3580S,Interlock Stitch Machine,Light- to Medium-weight,"4,500 sti/min",DBx1 (#14),MS-3580S.png,"Type: Interlock Stitch Machine • Application: Light- to Medium-weight • Max. sewing speed: 4,500 sti/min • Max. stitch length: 5mm • Presser foot: By knee: 13mm • Needle: DBx1 (#14)"
Apparel,MH-484,MH-484,Interlock Stitch Machine,Jeans & Heavy-weight,"4,500 sti/min",DBx1 (#14),MH-484.png,"Type: Interlock Stitch Machine • Application: Jeans & Heavy-weight • Max. sewing speed: 4,500 sti/min • Max. stitch length: 5mm • Presser foot: By knee: 13mm • Needle: DBx1 (#14)"
Apparel,MH-486,MH-486,Interlock Stitch Machine,Jeans & Heavy-weight,"4,500 sti/min",DBx1 (#14),MH-486.png,"Type: Interlock Stitch Machine • Application: Jeans & Heavy-weight • Max. sewing speed: 4,500 sti/min • Max. stitch length: 5mm • Presser foot: By knee: 13mm • Needle: DBx1 (#14)"
Apparel,MS-1261AM,MS-1261A,Interlock Stitch Machine,Light- to Medium-weight,"4,500 sti/min",DBx1 (#14),MS-1261A.png,"Type: Interlock Stitch Machine • Application: Light- to Medium-weight • Max. sewing speed: 4,500 sti/min • Max. stitch length: 5mm • Presser foot: By knee: 13mm • Needle: DBx1 (#14)"
Apparel,MS-1261A,MS-1261A,Interlock Stitch Machine,Light- to Medium-weight,"4,500 sti/min",DBx1 (#14),MS-1261A.png,"Type: Interlock Stitch Machine • Application: Light- to Medium-weight • Max. sewing speed: 4,500 sti/min • Max. stitch length: 5mm • Presser foot: By knee: 13mm • Needle: DBx1 (#14)"
Apparel,MS-1261,MS-1261,Interlock Stitch Machine,Light- to Medium-weight,"4,500 sti/min",DBx1 (#14),MS-1261.png,"Type: Interlock Stitch Machine • Application: Light- to Medium-weight • Max. sewing speed: 4,500 sti/min • Max. stitch length: 5mm • Presser foot: By knee: 13mm • Needle: DBx1 (#14)"
Apparel,MS-1190M,MS-1190M,Interlock Stitch Machine,Jeans & Heavy-weight,"4,500 sti/min",DBx1 (#14),MS-1190M.png,"Type: Interlock Stitch Machine • Application: Jeans & Heavy-weight • Max. sewing speed: 4,500 sti/min • Max. stitch length: 5mm • Presser foot: By knee: 13mm • Needle: DBx1 (#14)"
Apparel,MS-1261M,MS-1261M,Interlock Stitch Machine,Jeans & Heavy-weight,"4,500 sti/min",DBx1 (#14),MS-1261M.png,"Type: Interlock Stitch Machine • Application: Jeans & Heavy-weight • Max. sewing speed: 4,500 sti/min • Max. stitch length: 5mm • Presser foot: By knee: 13mm • Needle: DBx1 (#14)"
Apparel,MS-1261/V045,MS-1261,Interlock Stitch Machine,Light- to Medium-weight,"4,500 sti/min",DBx1 (#14),MS-1261.png,"Type: Interlock Stitch Machine • Application: Light- to Medium-weight • Max. sewing speed: 4,500 sti/min • Max. stitch length: 5mm • Presser foot: By knee: 13mm • Needle: DBx1 (#14)"
Apparel,LK-1903CSS301D,LK-1903C,Button Sewing & Bartacking Machine,Light- to Medium-weight,"3,200 sti/min",DPx5 (#14),LK-1903C.png,"Type: Button Sewing & Bartacking Machine • Application: Light- to Medium-weight • Max. sewing speed: 3,200 sti/min • Max. stitch length: 10mm • Presser foot: Auto: 17mm • Needle: DPx5 (#14)"
Apparel,MP-200NL,MP-200N,Specialized Industrial Sewing Machine,Light- to Medium-weight,"4,500 sti/min",DBx1 (#14),MP-200N.png,"Type: Specialized Industrial Sewing Machine • Application: Light- to Medium-weight • Max. sewing speed: 4,500 sti/min • Max. stitch length: 5mm • Presser foot: By knee: 13mm • Needle: DBx1 (#14)"
Apparel,MP-200NS,MP-200N,Specialized Industrial Sewing Machine,Light- to Medium-weight,"4,500 sti/min",DBx1 (#14),MP-200N.png,"Type: Specialized Industrial Sewing Machine • Application: Light- to Medium-weight • Max. sewing speed: 4,500 sti/min • Max. stitch length: 5mm • Presser foot: By knee: 13mm • Needle: DBx1 (#14)"
Apparel,LBH-1795AN,LBH-1795A,Buttonholing Machine,Jeans & Heavy-weight,"4,200 sti/min",DPx5 (#11),LBH-1795A.png,"Type: Buttonholing Machine • Application: Jeans & Heavy-weight • Max. sewing speed: 4,200 sti/min • Max. stitch length: 4mm • Presser foot: Auto: 14mm • Needle: DPx5 (#11)"
Apparel,LBH-1795ANS,LBH-1795A,Buttonholing Machine,Jeans & Heavy-weight,"4,200 sti/min",DPx5 (#11),LBH-1795A.png,"Type: Buttonholing Machine • Application: Jeans & Heavy-weight • Max. sewing speed: 4,200 sti/min • Max. stitch length: 4mm • Presser foot: Auto: 14mm • Needle: DPx5 (#11)"
Apparel,LBH-1796AN,LBH-1796A,Buttonholing Machine,Jeans & Heavy-weight,"4,200 sti/min",DPx5 (#11),LBH-1796A.png,"Type: Buttonholing Machine • Application: Jeans & Heavy-weight • Max. sewing speed: 4,200 sti/min • Max. stitch length: 4mm • Presser foot: Auto: 14mm • Needle: DPx5 (#11)"
Apparel,MB-1800B,MB-1800B,Button Sewing & Bartacking Machine,Light- to Medium-weight,"4,500 sti/min",DBx1 (#14),MB-1800B.png,"Type: Button Sewing & Bartacking Machine • Application: Light- to Medium-weight • Max. sewing speed: 4,500 sti/min • Max. stitch length: 5mm • Presser foot: By knee: 13mm • Needle: DBx1 (#14)"
Apparel,MB-1800S,MB-1800S,Button Sewing & Bartacking Machine,Light- to Medium-weight,"4,500 sti/min",DBx1 (#14),MB-1800S.png,"Type: Button Sewing & Bartacking Machine • Application: Light- to Medium-weight • Max. sewing speed: 4,500 sti/min • Max. stitch length: 5mm • Presser foot: By knee: 13mm • Needle: DBx1 (#14)"
Apparel,MB-1373,MB-1373,Button Sewing & Bartacking Machine,Light- to Medium-weight,"4,500 sti/min",DBx1 (#14),MB-1373.png,"Type: Button Sewing & Bartacking Machine • Application: Light- to Medium-weight • Max. sewing speed: 4,500 sti/min • Max. stitch length: 5mm • Presser foot: By knee: 13mm • Needle: DBx1 (#14)"
Apparel,LBH-1790SS,LBH-1790S,Buttonholing Machine,Jeans & Heavy-weight,"4,200 sti/min",DPx5 (#11),LBH-1790S.png,"Type: Buttonholing Machine • Application: Jeans & Heavy-weight • Max. sewing speed: 4,200 sti/min • Max. stitch length: 4mm • Presser foot: Auto: 14mm • Needle: DPx5 (#11)"
Apparel,LBH-782,LBH-782,Buttonholing Machine,Jeans & Heavy-weight,"4,200 sti/min",DPx5 (#11),LBH-782.png,"Type: Buttonholing Machine • Application: Jeans & Heavy-weight • Max. sewing speed: 4,200 sti/min • Max. stitch length: 4mm • Presser foot: Auto: 14mm • Needle: DPx5 (#11)"
Apparel,MEB-3200CSS,MEB-3200C,Specialized Industrial Sewing Machine,Light- to Medium-weight,"4,500 sti/min",DBx1 (#14),MEB-3200C.png,"Type: Specialized Industrial Sewing Machine • Application: Light- to Medium-weight • Max. sewing speed: 4,500 sti/min • Max. stitch length: 5mm • Presser foot: By knee: 13mm • Needle: DBx1 (#14)"
Apparel,MEB-3200CRS,MEB-3200C,Specialized Industrial Sewing Machine,Light- to Medium-weight,"4,500 sti/min",DBx1 (#14),MEB-3200C.png,"Type: Specialized Industrial Sewing Machine • Application: Light- to Medium-weight • Max. sewing speed: 4,500 sti/min • Max. stitch length: 5mm • Presser foot: By knee: 13mm • Needle: DBx1 (#14)"
Apparel,MEB-3200CJS,MEB-3200C,Specialized Industrial Sewing Machine,Light- to Medium-weight,"4,500 sti/min",DBx1 (#14),MEB-3200C.png,"Type: Specialized Industrial Sewing Machine • Application: Light- to Medium-weight • Max. sewing speed: 4,500 sti/min • Max. stitch length: 5mm • Presser foot: By knee: 13mm • Needle: DBx1 (#14)"
Apparel,MEB-3900J,MEB-3900J,Specialized Industrial Sewing Machine,Light- to Medium-weight,"4,500 sti/min",DBx1 (#14),MEB-3900J.png,"Type: Specialized Industrial Sewing Machine • Application: Light- to Medium-weight • Max. sewing speed: 4,500 sti/min • Max. stitch length: 5mm • Presser foot: By knee: 13mm • Needle: DBx1 (#14)"
Apparel,MEB-3200CCS,MEB-3200C,Specialized Industrial Sewing Machine,Light- to Medium-weight,"4,500 sti/min",DBx1 (#14),MEB-3200C.png,"Type: Specialized Industrial Sewing Machine • Application: Light- to Medium-weight • Max. sewing speed: 4,500 sti/min • Max. stitch length: 5mm • Presser foot: By knee: 13mm • Needle: DBx1 (#14)"
Apparel,MEB-3900C,MEB-3900C,Specialized Industrial Sewing Machine,Jeans & Heavy-weight,"4,500 sti/min",DBx1 (#14),MEB-3900C.png,"Type: Specialized Industrial Sewing Machine • Application: Jeans & Heavy-weight • Max. sewing speed: 4,500 sti/min • Max. stitch length: 5mm • Presser foot: By knee: 13mm • Needle: DBx1 (#14)"
Apparel,LK-1900SSS000/X75023,LK-1900S,Button Sewing & Bartacking Machine,Light- to Medium-weight,"3,200 sti/min",DPx5 (#14),LK-1900S.png,"Type: Button Sewing & Bartacking Machine • Application: Light- to Medium-weight • Max. sewing speed: 3,200 sti/min • Max. stitch length: 10mm • Presser foot: Auto: 17mm • Needle: DPx5 (#14)"
Apparel,LK-1900CSS000K,LK-1900C,Button Sewing & Bartacking Machine,Light- to Medium-weight,"3,200 sti/min",DPx5 (#14),LK-1900C.png,"Type: Button Sewing & Bartacking Machine • Application: Light- to Medium-weight • Max. sewing speed: 3,200 sti/min • Max. stitch length: 10mm • Presser foot: Auto: 17mm • Needle: DPx5 (#14)"
Apparel,LK-1920,LK-1920,Button Sewing & Bartacking Machine,Light- to Medium-weight,"3,200 sti/min",DPx5 (#14),LK-1920.png,"Type: Button Sewing & Bartacking Machine • Application: Light- to Medium-weight • Max. sewing speed: 3,200 sti/min • Max. stitch length: 10mm • Presser foot: Auto: 17mm • Needle: DPx5 (#14)"
Apparel,LK-1900CS,LK-1900C,Button Sewing & Bartacking Machine,Light- to Medium-weight,"3,200 sti/min",DPx5 (#14),LK-1900C.png,"Type: Button Sewing & Bartacking Machine • Application: Light- to Medium-weight • Max. sewing speed: 3,200 sti/min • Max. stitch length: 10mm • Presser foot: Auto: 17mm • Needle: DPx5 (#14)"
Apparel,LK-1900CH,LK-1900C,Button Sewing & Bartacking Machine,Jeans & Heavy-weight,"3,200 sti/min",DPx5 (#14),LK-1900C.png,"Type: Button Sewing & Bartacking Machine • Application: Jeans & Heavy-weight • Max. sewing speed: 3,200 sti/min • Max. stitch length: 10mm • Presser foot: Auto: 17mm • Needle: DPx5 (#14)"
Apparel,LK-1900CF,LK-1900C,Button Sewing & Bartacking Machine,Light- to Medium-weight,"3,200 sti/min",DPx5 (#14),LK-1900C.png,"Type: Button Sewing & Bartacking Machine • Application: Light- to Medium-weight • Max. sewing speed: 3,200 sti/min • Max. stitch length: 10mm • Presser foot: Auto: 17mm • Needle: DPx5 (#14)"
Apparel,LK-1900CW,LK-1900C,Button Sewing & Bartacking Machine,Light- to Medium-weight,"3,200 sti/min",DPx5 (#14),LK-1900C.png,"Type: Button Sewing & Bartacking Machine • Application: Light- to Medium-weight • Max. sewing speed: 3,200 sti/min • Max. stitch length: 10mm • Presser foot: Auto: 17mm • Needle: DPx5 (#14)"
Apparel,LK-1901CS,LK-1901C,Button Sewing & Bartacking Machine,Light- to Medium-weight,"3,200 sti/min",DPx5 (#14),LK-1901C.png,"Type: Button Sewing & Bartacking Machine • Application: Light- to Medium-weight • Max. sewing speed: 3,200 sti/min • Max. stitch length: 10mm • Presser foot: Auto: 17mm • Needle: DPx5 (#14)"
Apparel,LK-1902CS,LK-1902C,Button Sewing & Bartacking Machine,Light- to Medium-weight,"3,200 sti/min",DPx5 (#14),LK-1902C.png,"Type: Button Sewing & Bartacking Machine • Application: Light- to Medium-weight • Max. sewing speed: 3,200 sti/min • Max. stitch length: 10mm • Presser foot: Auto: 17mm • Needle: DPx5 (#14)"
Apparel,LK-1902CH,LK-1902C,Button Sewing & Bartacking Machine,Jeans & Heavy-weight,"3,200 sti/min",DPx5 (#14),LK-1902C.png,"Type: Button Sewing & Bartacking Machine • Application: Jeans & Heavy-weight • Max. sewing speed: 3,200 sti/min • Max. stitch length: 10mm • Presser foot: Auto: 17mm • Needle: DPx5 (#14)"
Apparel,LK-1905CS,LK-1905C,Button Sewing & Bartacking Machine,Jeans & Heavy-weight,"3,200 sti/min",DPx5 (#14),LK-1905C.png,"Type: Button Sewing & Bartacking Machine • Application: Jeans & Heavy-weight • Max. sewing speed: 3,200 sti/min • Max. stitch length: 10mm • Presser foot: Auto: 17mm • Needle: DPx5 (#14)"
Apparel,LK-1910S,LK-1910S,Button Sewing & Bartacking Machine,Light- to Medium-weight,"3,200 sti/min",DPx5 (#14),LK-1910S.png,"Type: Button Sewing & Bartacking Machine • Application: Light- to Medium-weight • Max. sewing speed: 3,200 sti/min • Max. stitch length: 10mm • Presser foot: Auto: 17mm • Needle: DPx5 (#14)"
Apparel,LK-1910H,LK-1910H,Button Sewing & Bartacking Machine,Jeans & Heavy-weight,"3,200 sti/min",DPx5 (#14),LK-1910H.png,"Type: Button Sewing & Bartacking Machine • Application: Jeans & Heavy-weight • Max. sewing speed: 3,200 sti/min • Max. stitch length: 10mm • Presser foot: Auto: 17mm • Needle: DPx5 (#14)"
Apparel,AMS-221EN,AMS-221E,Computer-controlled Cycle Pattern Machine,Light- to Medium-weight,"2,500 sti/min",DPx17 (#18),AMS-221E.png,"Type: Computer-controlled Cycle Pattern Machine • Application: Light- to Medium-weight • Max. sewing speed: 2,500 sti/min • Max. stitch length: 10mm • Presser foot: Auto: 25mm • Needle: DPx17 (#18)"
Apparel,APW-895NL,APW-895N,Automatic Pocket Welting Machine,Jeans & Heavy-weight,"3,000 sti/min",190R (Nm100),APW-895N.png,"Type: Automatic Pocket Welting Machine • Application: Jeans & Heavy-weight • Max. sewing speed: 3,000 sti/min • Max. stitch length: 6mm • Presser foot: Auto: 14mm • Needle: 190R (Nm100)"
Apparel,APW-896NS,APW-896N,Automatic Pocket Welting Machine,Light- to Medium-weight,"3,000 sti/min",190R (Nm100),APW-896N.png,"Type: Automatic Pocket Welting Machine • Application: Light- to Medium-weight • Max. sewing speed: 3,000 sti/min • Max. stitch length: 6mm • Presser foot: Auto: 14mm • Needle: 190R (Nm100)"
Apparel,APW-895N,APW-895N,Automatic Pocket Welting Machine,Light- to Medium-weight,"3,000 sti/min",190R (Nm100),APW-895N.png,"Type: Automatic Pocket Welting Machine • Application: Light- to Medium-weight • Max. sewing speed: 3,000 sti/min • Max. stitch length: 6mm • Presser foot: Auto: 14mm • Needle: 190R (Nm100)"
Apparel,APW-896N,APW-896N,Automatic Pocket Welting Machine,Light- to Medium-weight,"3,000 sti/min",190R (Nm100),APW-896N.png,"Type: Automatic Pocket Welting Machine • Application: Light- to Medium-weight • Max. sewing speed: 3,000 sti/min • Max. stitch length: 6mm • Presser foot: Auto: 14mm • Needle: 190R (Nm100)"
Apparel,LK-1961/ABH,LK-1961,Button Sewing & Bartacking Machine,Jeans & Heavy-weight,"3,200 sti/min",DPx5 (#14),LK-1961.png,"Type: Button Sewing & Bartacking Machine • Application: Jeans & Heavy-weight • Max. sewing speed: 3,200 sti/min • Max. stitch length: 10mm • Presser foot: Auto: 17mm • Needle: DPx5 (#14)"
Apparel,LK-1900A,LK-1900A,Button Sewing & Bartacking Machine,Light- to Medium-weight,"3,200 sti/min",DPx5 (#14),LK-1900A.png,"Type: Button Sewing & Bartacking Machine • Application: Light- to Medium-weight • Max. sewing speed: 3,200 sti/min • Max. stitch length: 10mm • Presser foot: Auto: 17mm • Needle: DPx5 (#14)"
Apparel,PS-910S,PS-910S,Computer-controlled Cycle Pattern Machine,Light- to Medium-weight,"4,500 sti/min",DBx1 (#14),PS-910S.png,"Type: Computer-controlled Cycle Pattern Machine • Application: Light- to Medium-weight • Max. sewing speed: 4,500 sti/min • Max. stitch length: 5mm • Presser foot: By knee: 13mm • Needle: DBx1 (#14)"
Apparel,PS-910SB13090CKZ,PS-910S,Computer-controlled Cycle Pattern Machine,Light- to Medium-weight,"4,500 sti/min",DBx1 (#14),PS-910S.png,"Type: Computer-controlled Cycle Pattern Machine • Application: Light- to Medium-weight • Max. sewing speed: 4,500 sti/min • Max. stitch length: 5mm • Presser foot: By knee: 13mm • Needle: DBx1 (#14)"
Apparel,DLU-5498N-7,DLU-5498N,Top-feed Lockstitch Machine,Light- to Medium-weight,"4,500 sti/min",DBx1 (#14),DLU-5498N.png,"Type: Top-feed Lockstitch Machine • Application: Light- to Medium-weight • Max. sewing speed: 4,500 sti/min • Max. stitch length: 5mm • Presser foot: By knee: 13mm • Needle: DBx1 (#14)"
Apparel,PS-800SB13085,PS-800S,Computer-controlled Cycle Pattern Machine,Light- to Medium-weight,"4,500 sti/min",DBx1 (#14),PS-800S.png,"Type: Computer-controlled Cycle Pattern Machine • Application: Light- to Medium-weight • Max. sewing speed: 4,500 sti/min • Max. stitch length: 5mm • Presser foot: By knee: 13mm • Needle: DBx1 (#14)"
Apparel,PS-800HB13085,PS-800H,Computer-controlled Cycle Pattern Machine,Jeans & Heavy-weight,"4,500 sti/min",DBx1 (#14),PS-800H.png,"Type: Computer-controlled Cycle Pattern Machine • Application: Jeans & Heavy-weight • Max. sewing speed: 4,500 sti/min • Max. stitch length: 5mm • Presser foot: By knee: 13mm • Needle: DBx1 (#14)"
Apparel,PS-800SB8045,PS-800S,Computer-controlled Cycle Pattern Machine,Light- to Medium-weight,"4,500 sti/min",DBx1 (#14),PS-800S.png,"Type: Computer-controlled Cycle Pattern Machine • Application: Light- to Medium-weight • Max. sewing speed: 4,500 sti/min • Max. stitch length: 5mm • Presser foot: By knee: 13mm • Needle: DBx1 (#14)"
Apparel,PS-800HB8045,PS-800H,Computer-controlled Cycle Pattern Machine,Jeans & Heavy-weight,"4,500 sti/min",DBx1 (#14),PS-800H.png,"Type: Computer-controlled Cycle Pattern Machine • Application: Jeans & Heavy-weight • Max. sewing speed: 4,500 sti/min • Max. stitch length: 5mm • Presser foot: By knee: 13mm • Needle: DBx1 (#14)"
Apparel,PS-800SS12080,PS-800S,Computer-controlled Cycle Pattern Machine,Light- to Medium-weight,"4,500 sti/min",DBx1 (#14),PS-800S.png,"Type: Computer-controlled Cycle Pattern Machine • Application: Light- to Medium-weight • Max. sewing speed: 4,500 sti/min • Max. stitch length: 5mm • Presser foot: By knee: 13mm • Needle: DBx1 (#14)"
Apparel,PS-800HS12080,PS-800H,Computer-controlled Cycle Pattern Machine,Jeans & Heavy-weight,"4,500 sti/min",DBx1 (#14),PS-800H.png,"Type: Computer-controlled Cycle Pattern Machine • Application: Jeans & Heavy-weight • Max. sewing speed: 4,500 sti/min • Max. stitch length: 5mm • Presser foot: By knee: 13mm • Needle: DBx1 (#14)"
Apparel,PS-800HB,PS-800H,Computer-controlled Cycle Pattern Machine,Jeans & Heavy-weight,"4,500 sti/min",DBx1 (#14),PS-800H.png,"Type: Computer-controlled Cycle Pattern Machine • Application: Jeans & Heavy-weight • Max. sewing speed: 4,500 sti/min • Max. stitch length: 5mm • Presser foot: By knee: 13mm • Needle: DBx1 (#14)"
Apparel,MH-480,MH-480,Interlock Stitch Machine,Jeans & Heavy-weight,"4,500 sti/min",DBx1 (#14),MH-480.png,"Type: Interlock Stitch Machine • Application: Jeans & Heavy-weight • Max. sewing speed: 4,500 sti/min • Max. stitch length: 5mm • Presser foot: By knee: 13mm • Needle: DBx1 (#14)"
Apparel,AMS-E/EN,AMS-E-EN,Computer-controlled Cycle Pattern Machine,Light- to Medium-weight,"2,500 sti/min",DPx17 (#18),AMS-E-EN.png,"Type: Computer-controlled Cycle Pattern Machine • Application: Light- to Medium-weight • Max. sewing speed: 2,500 sti/min • Max. stitch length: 10mm • Presser foot: Auto: 25mm • Needle: DPx17 (#18)"
Apparel,MO-6700,MO-6700,Overlock/Safety Stitch Machine,Light- to Medium-weight,"7,000 sti/min",DCx27 (#11),MO-6700.png,"Type: Overlock/Safety Stitch Machine • Application: Light- to Medium-weight • Max. sewing speed: 7,000 sti/min • Max. stitch length: 4mm • Presser foot: By hand: 5.5mm • Needle: DCx27 (#11)"
Apparel,LK-1900BN,LK-1900B,Button Sewing & Bartacking Machine,Light- to Medium-weight,"3,200 sti/min",DPx5 (#14),LK-1900B.png,"Type: Button Sewing & Bartacking Machine • Application: Light- to Medium-weight • Max. sewing speed: 3,200 sti/min • Max. stitch length: 10mm • Presser foot: Auto: 17mm • Needle: DPx5 (#14)"
Apparel,MH-380/MH,MH-380,Interlock Stitch Machine,Jeans & Heavy-weight,"4,500 sti/min",DBx1 (#14),MH-380.png,"Type: Interlock Stitch Machine • Application: Jeans & Heavy-weight • Max. sewing speed: 4,500 sti/min • Max. stitch length: 5mm • Presser foot: By knee: 13mm • Needle: DBx1 (#14)"
Apparel,LK-1905C,LK-1905C,Button Sewing & Bartacking Machine,Light- to Medium-weight,"3,200 sti/min",DPx5 (#14),LK-1905C.png,"Type: Button Sewing & Bartacking Machine • Application: Light- to Medium-weight • Max. sewing speed: 3,200 sti/min • Max. stitch length: 10mm • Presser foot: Auto: 17mm • Needle: DPx5 (#14)"
Apparel,AMS-210E,AMS-210E,Computer-controlled Cycle Pattern Machine,Light- to Medium-weight,"2,800 sti/min",DPx17 (#18),AMS-210E.png,"Type: Computer-controlled Cycle Pattern Machine • Application: Light- to Medium-weight • Max. sewing speed: 2,800 sti/min • Max. stitch length: 10mm • Presser foot: Auto: 25mm • Needle: DPx17 (#18)"
Apparel,AMS-221E,AMS-221E,Computer-controlled Cycle Pattern Machine,Light- to Medium-weight,"2,500 sti/min",DPx17 (#18),AMS-221E.png,"Type: Computer-controlled Cycle Pattern Machine • Application: Light- to Medium-weight • Max. sewing speed: 2,500 sti/min • Max. stitch length: 10mm • Presser foot: Auto: 25mm • Needle: DPx17 (#18)"
Apparel,AMS-224E,AMS-224E,Computer-controlled Cycle Pattern Machine,Light- to Medium-weight,"2,500 sti/min",DPx17 (#18),AMS-224E.png,"Type: Computer-controlled Cycle Pattern Machine • Application: Light- to Medium-weight • Max. sewing speed: 2,500 sti/min • Max. stitch length: 10mm • Presser foot: Auto: 25mm • Needle: DPx17 (#18)"
Apparel,AMS-210D,AMS-210D,Computer-controlled Cycle Pattern Machine,Light- to Medium-weight,"2,800 sti/min",DPx17 (#18),AMS-210D.png,"Type: Computer-controlled Cycle Pattern Machine • Application: Light- to Medium-weight • Max. sewing speed: 2,800 sti/min • Max. stitch length: 10mm • Presser foot: Auto: 25mm • Needle: DPx17 (#18)"
Apparel,AMS-215D,AMS-215D,Computer-controlled Cycle Pattern Machine,Light- to Medium-weight,"2,500 sti/min",DPx17 (#18),AMS-215D.png,"Type: Computer-controlled Cycle Pattern Machine • Application: Light- to Medium-weight • Max. sewing speed: 2,500 sti/min • Max. stitch length: 10mm • Presser foot: Auto: 25mm • Needle: DPx17 (#18)"
Apparel,AMS-221D,AMS-221D,Computer-controlled Cycle Pattern Machine,Light- to Medium-weight,"2,500 sti/min",DPx17 (#18),AMS-221D.png,"Type: Computer-controlled Cycle Pattern Machine • Application: Light- to Medium-weight • Max. sewing speed: 2,500 sti/min • Max. stitch length: 10mm • Presser foot: Auto: 25mm • Needle: DPx17 (#18)"
Apparel,LK-1930,LK-1930,Button Sewing & Bartacking Machine,Light- to Medium-weight,"3,200 sti/min",DPx5 (#14),LK-1930.png,"Type: Button Sewing & Bartacking Machine • Application: Light- to Medium-weight • Max. sewing speed: 3,200 sti/min • Max. stitch length: 10mm • Presser foot: Auto: 17mm • Needle: DPx5 (#14)"
Apparel,LK-1901A,LK-1901A,Button Sewing & Bartacking Machine,Light- to Medium-weight,"3,200 sti/min",DPx5 (#14),LK-1901A.png,"Type: Button Sewing & Bartacking Machine • Application: Light- to Medium-weight • Max. sewing speed: 3,200 sti/min • Max. stitch length: 10mm • Presser foot: Auto: 17mm • Needle: DPx5 (#14)"
Apparel,LK-1902A,LK-1902A,Button Sewing & Bartacking Machine,Light- to Medium-weight,"3,200 sti/min",DPx5 (#14),LK-1902A.png,"Type: Button Sewing & Bartacking Machine • Application: Light- to Medium-weight • Max. sewing speed: 3,200 sti/min • Max. stitch length: 10mm • Presser foot: Auto: 17mm • Needle: DPx5 (#14)"
Apparel,LK-1903A,LK-1903A,Button Sewing & Bartacking Machine,Light- to Medium-weight,"3,200 sti/min",DPx5 (#14),LK-1903A.png,"Type: Button Sewing & Bartacking Machine • Application: Light- to Medium-weight • Max. sewing speed: 3,200 sti/min • Max. stitch length: 10mm • Presser foot: Auto: 17mm • Needle: DPx5 (#14)"
Apparel,LK-1901AN,LK-1901A,Button Sewing & Bartacking Machine,Light- to Medium-weight,"3,200 sti/min",DPx5 (#14),LK-1901A.png,"Type: Button Sewing & Bartacking Machine • Application: Light- to Medium-weight • Max. sewing speed: 3,200 sti/min • Max. stitch length: 10mm • Presser foot: Auto: 17mm • Needle: DPx5 (#14)"
Apparel,LK-1903AN,LK-1903A,Button Sewing & Bartacking Machine,Light- to Medium-weight,"3,200 sti/min",DPx5 (#14),LK-1903A.png,"Type: Button Sewing & Bartacking Machine • Application: Light- to Medium-weight • Max. sewing speed: 3,200 sti/min • Max. stitch length: 10mm • Presser foot: Auto: 17mm • Needle: DPx5 (#14)"
Apparel,LK-1901B,LK-1901B,Button Sewing & Bartacking Machine,Light- to Medium-weight,"3,200 sti/min",DPx5 (#14),LK-1901B.png,"Type: Button Sewing & Bartacking Machine • Application: Light- to Medium-weight • Max. sewing speed: 3,200 sti/min • Max. stitch length: 10mm • Presser foot: Auto: 17mm • Needle: DPx5 (#14)"
Apparel,LK-1902B,LK-1902B,Button Sewing & Bartacking Machine,Light- to Medium-weight,"3,200 sti/min",DPx5 (#14),LK-1902B.png,"Type: Button Sewing & Bartacking Machine • Application: Light- to Medium-weight • Max. sewing speed: 3,200 sti/min • Max. stitch length: 10mm • Presser foot: Auto: 17mm • Needle: DPx5 (#14)"
Apparel,LK-1901BN,LK-1901B,Button Sewing & Bartacking Machine,Light- to Medium-weight,"3,200 sti/min",DPx5 (#14),LK-1901B.png,"Type: Button Sewing & Bartacking Machine • Application: Light- to Medium-weight • Max. sewing speed: 3,200 sti/min • Max. stitch length: 10mm • Presser foot: Auto: 17mm • Needle: DPx5 (#14)"
Apparel,LK-1902BN,LK-1902B,Button Sewing & Bartacking Machine,Light- to Medium-weight,"3,200 sti/min",DPx5 (#14),LK-1902B.png,"Type: Button Sewing & Bartacking Machine • Application: Light- to Medium-weight • Max. sewing speed: 3,200 sti/min • Max. stitch length: 10mm • Presser foot: Auto: 17mm • Needle: DPx5 (#14)"
Apparel,LK-1900AN,LK-1900A,Button Sewing & Bartacking Machine,Light- to Medium-weight,"3,200 sti/min",DPx5 (#14),LK-1900A.png,"Type: Button Sewing & Bartacking Machine • Application: Light- to Medium-weight • Max. sewing speed: 3,200 sti/min • Max. stitch length: 10mm • Presser foot: Auto: 17mm • Needle: DPx5 (#14)"
Apparel,LK-1903B,LK-1903B,Button Sewing & Bartacking Machine,Light- to Medium-weight,"3,200 sti/min",DPx5 (#14),LK-1903B.png,"Type: Button Sewing & Bartacking Machine • Application: Light- to Medium-weight • Max. sewing speed: 3,200 sti/min • Max. stitch length: 10mm • Presser foot: Auto: 17mm • Needle: DPx5 (#14)"
Apparel,LK-1903BN,LK-1903B,Button Sewing & Bartacking Machine,Light- to Medium-weight,"3,200 sti/min",DPx5 (#14),LK-1903B.png,"Type: Button Sewing & Bartacking Machine • Application: Light- to Medium-weight • Max. sewing speed: 3,200 sti/min • Max. stitch length: 10mm • Presser foot: Auto: 17mm • Needle: DPx5 (#14)"
Apparel,LK-1900B,LK-1900B,Button Sewing & Bartacking Machine,Light- to Medium-weight,"3,200 sti/min",DPx5 (#14),LK-1900B.png,"Type: Button Sewing & Bartacking Machine • Application: Light- to Medium-weight • Max. sewing speed: 3,200 sti/min • Max. stitch length: 10mm • Presser foot: Auto: 17mm • Needle: DPx5 (#14)"
Apparel,AMS-210ENSS1306SZ7450,AMS-210E,Computer-controlled Cycle Pattern Machine,Light- to Medium-weight,"2,800 sti/min",DPx17 (#18),AMS-210E.png,"Type: Computer-controlled Cycle Pattern Machine • Application: Light- to Medium-weight • Max. sewing speed: 2,800 sti/min • Max. stitch length: 10mm • Presser foot: Auto: 25mm • Needle: DPx17 (#18)"
Apparel,LK-1902AN,LK-1902A,Button Sewing & Bartacking Machine,Light- to Medium-weight,"3,200 sti/min",DPx5 (#14),LK-1902A.png,"Type: Button Sewing & Bartacking Machine • Application: Light- to Medium-weight • Max. sewing speed: 3,200 sti/min • Max. stitch length: 10mm • Presser foot: Auto: 17mm • Needle: DPx5 (#14)"
Apparel,PS-900/910,PS-900,Computer-controlled Cycle Pattern Machine,Light- to Medium-weight,"4,500 sti/min",DBx1 (#14),PS-900.png,"Type: Computer-controlled Cycle Pattern Machine • Application: Light- to Medium-weight • Max. sewing speed: 4,500 sti/min • Max. stitch length: 5mm • Presser foot: By knee: 13mm • Needle: DBx1 (#14)"
Apparel,PS-900,PS-900,Computer-controlled Cycle Pattern Machine,Light- to Medium-weight,"4,500 sti/min",DBx1 (#14),PS-900.png,"Type: Computer-controlled Cycle Pattern Machine • Application: Light- to Medium-weight • Max. sewing speed: 4,500 sti/min • Max. stitch length: 5mm • Presser foot: By knee: 13mm • Needle: DBx1 (#14)"
